train_contrastive_loss,train_mlm_loss,train_ts_loss,train_log_likelihood,train_entropy,train_b_diversity,train_c_diversity,train_diversity,train_n_unique_codewords,train_similarity,dev_contrastive_loss,dev_mlm_loss,dev_ts_loss,dev_log_likelihood,dev_entropy,dev_b_diversity,dev_c_diversity,dev_diversity,dev_n_unique_codewords,dev_similarity,test_contrastive_loss,test_mlm_loss,test_ts_loss,test_log_likelihood,test_entropy,test_b_diversity,test_c_diversity,test_diversity,test_n_unique_codewords,test_similarity
4.16865407274915,2.2257358643915746,6.3943899371407245,-120.89455752682376,9.982401498571619,5.509280196103183,3.1606249809265137,4.611038684844971,2922.0,0.0004513507301453501,4.166807476885907,2.2236246728277824,6.390432149713689,-120.79103131975447,10.084947085690189,5.509256867000035,3.153186798095703,4.588658332824707,2309.0,0.0004513507301453501,4.167594650813512,2.239087574822562,6.406682225636073,-120.94633120582218,9.932939384097144,5.50938523610433,3.1780459880828857,4.649723052978516,2535.0,0.0004513507301453501
4.131466456821987,2.0424098764147076,6.173876333236695,-120.53478357884791,9.978405731993837,5.507635068274164,3.052985668182373,4.362525939941406,2374.0,0.00045217317529022694,4.129637368932947,2.046010121741852,6.175647490674799,-120.43161821241503,10.08094453440084,5.507608004978725,3.047482967376709,4.345237731933594,1901.0,0.00045217317529022694,4.13288216363816,2.0438169275011333,6.176699091139294,-120.5864000592913,9.9289794921875,5.507760615575881,3.072357654571533,4.409291744232178,2096.0,0.00045217317529022694
4.131466456821987,2.0424098764147076,6.173876333236695,-120.53478357884791,9.978405731993837,5.507635068274164,3.052985668182373,4.362525939941406,2374.0,0.00045217317529022694,4.129637368932947,2.046010121741852,6.175647490674799,-120.43161821241503,10.08094453440084,5.507608004978725,3.047482967376709,4.345237731933594,1901.0,0.00045217317529022694,4.13288216363816,2.0438169275011333,6.176699091139294,-120.5864000592913,9.9289794921875,5.507760615575881,3.072357654571533,4.409291744232178,2096.0,0.00045217317529022694
4.131466456821987,2.0424098764147076,6.173876333236695,-120.53478357884791,9.978405731993837,5.507635068274164,3.052985668182373,4.362525939941406,2374.0,0.00045217317529022694,4.129637368932947,2.046010121741852,6.175647490674799,-120.43161821241503,10.08094453440084,5.507608004978725,3.047482967376709,4.345237731933594,1901.0,0.00045217317529022694,4.13288216363816,2.0438169275011333,6.176699091139294,-120.5864000592913,9.9289794921875,5.507760615575881,3.072357654571533,4.409291744232178,2096.0,0.00045217317529022694
4.034332038210584,2.3749261534059203,6.409258191616504,-117.11881662344004,9.964311634410512,5.484828766909513,2.27860164642334,3.7049293518066406,650.0,0.00046040411689318717,4.035197890888561,2.373691735948835,6.4088896268373965,-117.0159642207158,10.066840080162148,5.48475524357387,2.2776248455047607,3.698496103286743,549.0,0.00046040411689318717,4.034922804151263,2.397632946286883,6.432555750438146,-117.16636417933873,9.914948154631116,5.4849609329586935,2.2906460762023926,3.7303855419158936,618.0,0.00046040411689318717
4.034332038210584,2.3749261534059203,6.409258191616504,-117.11881662344004,9.964311634410512,5.484828766909513,2.27860164642334,3.7049293518066406,650.0,0.00046040411689318717,4.035197890888561,2.373691735948835,6.4088896268373965,-117.0159642207158,10.066840080162148,5.48475524357387,2.2776248455047607,3.698496103286743,549.0,0.00046040411689318717,4.034922804151263,2.397632946286883,6.432555750438146,-117.16636417933873,9.914948154631116,5.4849609329586935,2.2906460762023926,3.7303855419158936,618.0,0.00046040411689318717
4.034332038210584,2.3749261534059203,6.409258191616504,-117.11881662344004,9.964311634410512,5.484828766909513,2.27860164642334,3.7049293518066406,650.0,0.00046040411689318717,4.035197890888561,2.373691735948835,6.4088896268373965,-117.0159642207158,10.066840080162148,5.48475524357387,2.2776248455047607,3.698496103286743,549.0,0.00046040411689318717,4.034922804151263,2.397632946286883,6.432555750438146,-117.16636417933873,9.914948154631116,5.4849609329586935,2.2906460762023926,3.7303855419158936,618.0,0.00046040411689318717
4.034332038210584,2.3749261534059203,6.409258191616504,-117.11881662344004,9.964311634410512,5.484828766909513,2.27860164642334,3.7049293518066406,650.0,0.00046040411689318717,4.035197890888561,2.373691735948835,6.4088896268373965,-117.0159642207158,10.066840080162148,5.48475524357387,2.2776248455047607,3.698496103286743,549.0,0.00046040411689318717,4.034922804151263,2.397632946286883,6.432555750438146,-117.16636417933873,9.914948154631116,5.4849609329586935,2.2906460762023926,3.7303855419158936,618.0,0.00046040411689318717
3.9009775316560424,1.710548852945303,5.611526384601346,-108.36007906430727,9.342955185531022,5.061840243153758,1.5580406188964844,2.261697292327881,240.0,0.0005084454314783216,3.899493541965237,1.7204137814509404,5.619907323416177,-108.25902309665432,9.447524268905838,5.064181691950018,1.5549246072769165,2.252568244934082,213.0,0.0005084454314783216,3.906828528358823,1.728100528035845,5.634929056394668,-108.40825500488282,9.299491237458728,5.065572511582148,1.5672950744628906,2.288492441177368,221.0,0.0005084454314783216
3.9009775316560424,1.710548852945303,5.611526384601346,-108.36007906430727,9.342955185531022,5.061840243153758,1.5580406188964844,2.261697292327881,240.0,0.0005084454314783216,3.899493541965237,1.7204137814509404,5.619907323416177,-108.25902309665432,9.447524268905838,5.064181691950018,1.5549246072769165,2.252568244934082,213.0,0.0005084454314783216,3.906828528358823,1.728100528035845,5.634929056394668,-108.40825500488282,9.299491237458728,5.065572511582148,1.5672950744628906,2.288492441177368,221.0,0.0005084454314783216
3.9009775316560424,1.710548852945303,5.611526384601346,-108.36007906430727,9.342955185531022,5.061840243153758,1.5580406188964844,2.261697292327881,240.0,0.0005084454314783216,3.899493541965237,1.7204137814509404,5.619907323416177,-108.25902309665432,9.447524268905838,5.064181691950018,1.5549246072769165,2.252568244934082,213.0,0.0005084454314783216,3.906828528358823,1.728100528035845,5.634929056394668,-108.40825500488282,9.299491237458728,5.065572511582148,1.5672950744628906,2.288492441177368,221.0,0.0005084454314783216
3.9009775316560424,1.710548852945303,5.611526384601346,-108.36007906430727,9.342955185531022,5.061840243153758,1.5580406188964844,2.261697292327881,240.0,0.0005084454314783216,3.899493541965237,1.7204137814509404,5.619907323416177,-108.25902309665432,9.447524268905838,5.064181691950018,1.5549246072769165,2.252568244934082,213.0,0.0005084454314783216,3.906828528358823,1.728100528035845,5.634929056394668,-108.40825500488282,9.299491237458728,5.065572511582148,1.5672950744628906,2.288492441177368,221.0,0.0005084454314783216
3.8811193175130074,1.4801100668969092,5.361229384409917,-95.34247087751116,9.16284855929288,4.933985805511474,1.53101646900177,1.962116003036499,169.0,0.0006611233693547547,3.8837996625281,1.4834196230033776,5.367219285531478,-95.24260033941889,9.267696571350097,4.936574408295867,1.5261106491088867,1.8820531368255615,135.0,0.0006611233693547547,3.8862403052193777,1.4525063878013975,5.338746693020775,-95.39133896600633,9.11827112833659,4.9369101842244465,1.539501428604126,1.9718025922775269,155.0,0.0006611233693547547
3.8811193175130074,1.4801100668969092,5.361229384409917,-95.34247087751116,9.16284855929288,4.933985805511474,1.53101646900177,1.962116003036499,169.0,0.0006611233693547547,3.8837996625281,1.4834196230033776,5.367219285531478,-95.24260033941889,9.267696571350097,4.936574408295867,1.5261106491088867,1.8820531368255615,135.0,0.0006611233693547547,3.8862403052193777,1.4525063878013975,5.338746693020775,-95.39133896600633,9.11827112833659,4.9369101842244465,1.539501428604126,1.9718025922775269,155.0,0.0006611233693547547
3.8811193175130074,1.4801100668969092,5.361229384409917,-95.34247087751116,9.16284855929288,4.933985805511474,1.53101646900177,1.962116003036499,169.0,0.0006611233693547547,3.8837996625281,1.4834196230033776,5.367219285531478,-95.24260033941889,9.267696571350097,4.936574408295867,1.5261106491088867,1.8820531368255615,135.0,0.0006611233693547547,3.8862403052193777,1.4525063878013975,5.338746693020775,-95.39133896600633,9.11827112833659,4.9369101842244465,1.539501428604126,1.9718025922775269,155.0,0.0006611233693547547
3.8811193175130074,1.4801100668969092,5.361229384409917,-95.34247087751116,9.16284855929288,4.933985805511474,1.53101646900177,1.962116003036499,169.0,0.0006611233693547547,3.8837996625281,1.4834196230033776,5.367219285531478,-95.24260033941889,9.267696571350097,4.936574408295867,1.5261106491088867,1.8820531368255615,135.0,0.0006611233693547547,3.8862403052193777,1.4525063878013975,5.338746693020775,-95.39133896600633,9.11827112833659,4.9369101842244465,1.539501428604126,1.9718025922775269,155.0,0.0006611233693547547
3.8439732762126178,1.6719566345214845,5.515929910734102,-78.96402276769861,8.895822336766628,4.7151218042745215,1.5750439167022705,2.085345506668091,143.0,0.0011441742535680532,3.84643926868191,1.6785168910955455,5.524956159777456,-78.86552056646967,9.000765463593718,4.717766278749936,1.5723375082015991,2.0456249713897705,125.0,0.0011441742535680532,3.8515989076523556,1.6679284981318883,5.519527405784244,-79.01404280889602,8.850378199986048,4.7176163991292315,1.5834685564041138,2.1018741130828857,135.0,0.0011441742535680532
3.8439732762126178,1.6719566345214845,5.515929910734102,-78.96402276769861,8.895822336766628,4.7151218042745215,1.5750439167022705,2.085345506668091,143.0,0.0011441742535680532,3.84643926868191,1.6785168910955455,5.524956159777456,-78.86552056646967,9.000765463593718,4.717766278749936,1.5723375082015991,2.0456249713897705,125.0,0.0011441742535680532,3.8515989076523556,1.6679284981318883,5.519527405784244,-79.01404280889602,8.850378199986048,4.7176163991292315,1.5834685564041138,2.1018741130828857,135.0,0.0011441742535680532
3.8439732762126178,1.6719566345214845,5.515929910734102,-78.96402276769861,8.895822336766628,4.7151218042745215,1.5750439167022705,2.085345506668091,143.0,0.0011441742535680532,3.84643926868191,1.6785168910955455,5.524956159777456,-78.86552056646967,9.000765463593718,4.717766278749936,1.5723375082015991,2.0456249713897705,125.0,0.0011441742535680532,3.8515989076523556,1.6679284981318883,5.519527405784244,-79.01404280889602,8.850378199986048,4.7176163991292315,1.5834685564041138,2.1018741130828857,135.0,0.0011441742535680532
3.8439732762126178,1.6719566345214845,5.515929910734102,-78.96402276769861,8.895822336766628,4.7151218042745215,1.5750439167022705,2.085345506668091,143.0,0.0011441742535680532,3.84643926868191,1.6785168910955455,5.524956159777456,-78.86552056646967,9.000765463593718,4.717766278749936,1.5723375082015991,2.0456249713897705,125.0,0.0011441742535680532,3.8515989076523556,1.6679284981318883,5.519527405784244,-79.01404280889602,8.850378199986048,4.7176163991292315,1.5834685564041138,2.1018741130828857,135.0,0.0011441742535680532
3.572248022277634,1.735492239679609,5.307740261957243,-58.161199495389866,5.624204994796158,2.075849845811918,1.6738004684448242,1.824460744857788,113.0,0.001909921644255519,3.5714087956911555,1.7307899790924866,5.302198774783642,-58.04863118753805,5.72108126058207,2.069440572912043,1.6732447147369385,1.8174617290496826,97.0,0.001909921644255519,3.580708020074027,1.7383416891098022,5.31904970918383,-58.231131272088916,5.571744360242572,2.0724205403100875,1.6727941036224365,1.8249518871307373,105.0,0.001909921644255519
3.572248022277634,1.735492239679609,5.307740261957243,-58.161199495389866,5.624204994796158,2.075849845811918,1.6738004684448242,1.824460744857788,113.0,0.001909921644255519,3.5714087956911555,1.7307899790924866,5.302198774783642,-58.04863118753805,5.72108126058207,2.069440572912043,1.6732447147369385,1.8174617290496826,97.0,0.001909921644255519,3.580708020074027,1.7383416891098022,5.31904970918383,-58.231131272088916,5.571744360242572,2.0724205403100875,1.6727941036224365,1.8249518871307373,105.0,0.001909921644255519
3.572248022277634,1.735492239679609,5.307740261957243,-58.161199495389866,5.624204994796158,2.075849845811918,1.6738004684448242,1.824460744857788,113.0,0.001909921644255519,3.5714087956911555,1.7307899790924866,5.302198774783642,-58.04863118753805,5.72108126058207,2.069440572912043,1.6732447147369385,1.8174617290496826,97.0,0.001909921644255519,3.580708020074027,1.7383416891098022,5.31904970918383,-58.231131272088916,5.571744360242572,2.0724205403100875,1.6727941036224365,1.8249518871307373,105.0,0.001909921644255519
3.572248022277634,1.735492239679609,5.307740261957243,-58.161199495389866,5.624204994796158,2.075849845811918,1.6738004684448242,1.824460744857788,113.0,0.001909921644255519,3.5714087956911555,1.7307899790924866,5.302198774783642,-58.04863118753805,5.72108126058207,2.069440572912043,1.6732447147369385,1.8174617290496826,97.0,0.001909921644255519,3.580708020074027,1.7383416891098022,5.31904970918383,-58.231131272088916,5.571744360242572,2.0724205403100875,1.6727941036224365,1.8249518871307373,105.0,0.001909921644255519
3.411106940058919,1.6349440110194218,5.046050951078341,-34.148530330905665,4.800699177036038,1.199615020875807,1.650439977645874,1.7561390399932861,47.0,0.002490139799192548,3.418316093048492,1.637413060819948,5.05572915386844,-34.0188995163162,4.899290109609629,1.1930362843847895,1.6476855278015137,1.747537612915039,42.0,0.002490139799192548,3.435094640368507,1.646947859582447,5.082042499950954,-34.2233399164109,4.748414471035912,1.1932919910975865,1.6466978788375854,1.745354175567627,42.0,0.002490139799192548
3.411106940058919,1.6349440110194218,5.046050951078341,-34.148530330905665,4.800699177036038,1.199615020875807,1.650439977645874,1.7561390399932861,47.0,0.002490139799192548,3.418316093048492,1.637413060819948,5.05572915386844,-34.0188995163162,4.899290109609629,1.1930362843847895,1.6476855278015137,1.747537612915039,42.0,0.002490139799192548,3.435094640368507,1.646947859582447,5.082042499950954,-34.2233399164109,4.748414471035912,1.1932919910975865,1.6466978788375854,1.745354175567627,42.0,0.002490139799192548
3.411106940058919,1.6349440110194218,5.046050951078341,-34.148530330905665,4.800699177036038,1.199615020875807,1.650439977645874,1.7561390399932861,47.0,0.002490139799192548,3.418316093048492,1.637413060819948,5.05572915386844,-34.0188995163162,4.899290109609629,1.1930362843847895,1.6476855278015137,1.747537612915039,42.0,0.002490139799192548,3.435094640368507,1.646947859582447,5.082042499950954,-34.2233399164109,4.748414471035912,1.1932919910975865,1.6466978788375854,1.745354175567627,42.0,0.002490139799192548
3.411106940058919,1.6349440110194218,5.046050951078341,-34.148530330905665,4.800699177036038,1.199615020875807,1.650439977645874,1.7561390399932861,47.0,0.002490139799192548,3.418316093048492,1.637413060819948,5.05572915386844,-34.0188995163162,4.899290109609629,1.1930362843847895,1.6476855278015137,1.747537612915039,42.0,0.002490139799192548,3.435094640368507,1.646947859582447,5.082042499950954,-34.2233399164109,4.748414471035912,1.1932919910975865,1.6466978788375854,1.745354175567627,42.0,0.002490139799192548
3.5078889469047647,1.415282139220795,4.92317108612556,-9.371525608409534,4.648940589211204,1.0017666406445689,1.6190032958984375,1.3910162448883057,16.0,0.002837022300809622,3.4927547702541597,1.4253846967375123,4.918139466991672,-9.22407992722152,4.749278754692573,0.9971275239795834,1.6162346601486206,1.3843010663986206,18.0,0.002837022300809622,3.5070380710420155,1.4285457179659888,4.935583789008004,-9.397166624523344,4.596022165389288,0.9922005704471043,1.6106133460998535,1.3705341815948486,16.0,0.002837022300809622
3.5078889469047647,1.415282139220795,4.92317108612556,-9.371525608409534,4.648940589211204,1.0017666406445689,1.6190032958984375,1.3910162448883057,16.0,0.002837022300809622,3.4927547702541597,1.4253846967375123,4.918139466991672,-9.22407992722152,4.749278754692573,0.9971275239795834,1.6162346601486206,1.3843010663986206,18.0,0.002837022300809622,3.5070380710420155,1.4285457179659888,4.935583789008004,-9.397166624523344,4.596022165389288,0.9922005704471043,1.6106133460998535,1.3705341815948486,16.0,0.002837022300809622
3.5078889469047647,1.415282139220795,4.92317108612556,-9.371525608409534,4.648940589211204,1.0017666406445689,1.6190032958984375,1.3910162448883057,16.0,0.002837022300809622,3.4927547702541597,1.4253846967375123,4.918139466991672,-9.22407992722152,4.749278754692573,0.9971275239795834,1.6162346601486206,1.3843010663986206,18.0,0.002837022300809622,3.5070380710420155,1.4285457179659888,4.935583789008004,-9.397166624523344,4.596022165389288,0.9922005704471043,1.6106133460998535,1.3705341815948486,16.0,0.002837022300809622
3.5078889469047647,1.415282139220795,4.92317108612556,-9.371525608409534,4.648940589211204,1.0017666406445689,1.6190032958984375,1.3910162448883057,16.0,0.002837022300809622,3.4927547702541597,1.4253846967375123,4.918139466991672,-9.22407992722152,4.749278754692573,0.9971275239795834,1.6162346601486206,1.3843010663986206,18.0,0.002837022300809622,3.5070380710420155,1.4285457179659888,4.935583789008004,-9.397166624523344,4.596022165389288,0.9922005704471043,1.6106133460998535,1.3705341815948486,16.0,0.002837022300809622
3.5366236853909183,1.34838405646287,4.885007741853788,15.242843412424063,4.561801749390441,0.9364412868177736,1.623580813407898,1.3775687217712402,12.0,0.0030279364436864853,3.551036687950035,1.36216666574602,4.913203353696055,15.405158298046558,4.663912711205421,0.9336161292992629,1.6210979223251343,1.3693745136260986,12.0,0.0030279364436864853,3.549559450149536,1.3596522217705136,4.909211671920049,15.290021496727354,4.511640671321324,0.9294647290593102,1.6166996955871582,1.3599833250045776,12.0,0.0030279364436864853
3.5366236853909183,1.34838405646287,4.885007741853788,15.242843412424063,4.561801749390441,0.9364412868177736,1.623580813407898,1.3775687217712402,12.0,0.0030279364436864853,3.551036687950035,1.36216666574602,4.913203353696055,15.405158298046558,4.663912711205421,0.9336161292992629,1.6210979223251343,1.3693745136260986,12.0,0.0030279364436864853,3.549559450149536,1.3596522217705136,4.909211671920049,15.290021496727354,4.511640671321324,0.9294647290593102,1.6166996955871582,1.3599833250045776,12.0,0.0030279364436864853
3.5366236853909183,1.34838405646287,4.885007741853788,15.242843412424063,4.561801749390441,0.9364412868177736,1.623580813407898,1.3775687217712402,12.0,0.0030279364436864853,3.551036687950035,1.36216666574602,4.913203353696055,15.405158298046558,4.663912711205421,0.9336161292992629,1.6210979223251343,1.3693745136260986,12.0,0.0030279364436864853,3.549559450149536,1.3596522217705136,4.909211671920049,15.290021496727354,4.511640671321324,0.9294647290593102,1.6166996955871582,1.3599833250045776,12.0,0.0030279364436864853
3.5366236853909183,1.34838405646287,4.885007741853788,15.242843412424063,4.561801749390441,0.9364412868177736,1.623580813407898,1.3775687217712402,12.0,0.0030279364436864853,3.551036687950035,1.36216666574602,4.913203353696055,15.405158298046558,4.663912711205421,0.9336161292992629,1.6210979223251343,1.3693745136260986,12.0,0.0030279364436864853,3.549559450149536,1.3596522217705136,4.909211671920049,15.290021496727354,4.511640671321324,0.9294647290593102,1.6166996955871582,1.3599833250045776,12.0,0.0030279364436864853
3.6640347765637684,1.1105042259414475,4.774539002505216,35.05509726784446,4.5479328328912905,0.8596706588546951,1.5493977069854736,1.2120118141174316,8.0,0.0030891767237335443,3.675026025400533,1.1200821916778367,4.79510821707837,35.22498587075766,4.6480649328851085,0.856489994154348,1.5462406873703003,1.2035425901412964,8.0,0.0030891767237335443,3.6711831319899786,1.1194521801812307,4.79063531217121,35.153226616269066,4.495992015656971,0.8534827624048505,1.5429530143737793,1.1976486444473267,8.0,0.0030891767237335443
3.6640347765637684,1.1105042259414475,4.774539002505216,35.05509726784446,4.5479328328912905,0.8596706588546951,1.5493977069854736,1.2120118141174316,8.0,0.0030891767237335443,3.675026025400533,1.1200821916778367,4.79510821707837,35.22498587075766,4.6480649328851085,0.856489994154348,1.5462406873703003,1.2035425901412964,8.0,0.0030891767237335443,3.6711831319899786,1.1194521801812307,4.79063531217121,35.153226616269066,4.495992015656971,0.8534827624048505,1.5429530143737793,1.1976486444473267,8.0,0.0030891767237335443
3.6640347765637684,1.1105042259414475,4.774539002505216,35.05509726784446,4.5479328328912905,0.8596706588546951,1.5493977069854736,1.2120118141174316,8.0,0.0030891767237335443,3.675026025400533,1.1200821916778367,4.79510821707837,35.22498587075766,4.6480649328851085,0.856489994154348,1.5462406873703003,1.2035425901412964,8.0,0.0030891767237335443,3.6711831319899786,1.1194521801812307,4.79063531217121,35.153226616269066,4.495992015656971,0.8534827624048505,1.5429530143737793,1.1976486444473267,8.0,0.0030891767237335443
3.6640347765637684,1.1105042259414475,4.774539002505216,35.05509726784446,4.5479328328912905,0.8596706588546951,1.5493977069854736,1.2120118141174316,8.0,0.0030891767237335443,3.675026025400533,1.1200821916778367,4.79510821707837,35.22498587075766,4.6480649328851085,0.856489994154348,1.5462406873703003,1.2035425901412964,8.0,0.0030891767237335443,3.6711831319899786,1.1194521801812307,4.79063531217121,35.153226616269066,4.495992015656971,0.8534827624048505,1.5429530143737793,1.1976486444473267,8.0,0.0030891767237335443
3.6364101025965305,1.099352806264704,4.7357629088612345,44.62982846544934,4.544611314055207,0.8726824859520057,1.5623996257781982,1.2374423742294312,8.0,0.0031081102788448334,3.6509212357657295,1.1085687240996918,4.759489959865421,44.79560282323268,4.6468873011601435,0.869572262485306,1.5594005584716797,1.2288758754730225,8.0,0.0031081102788448334,3.653123006366548,1.107737219901312,4.7608602262678605,44.7429674421038,4.494720032101585,0.8669150534130278,1.5565810203552246,1.2239658832550049,8.0,0.0031081102788448334
3.6364101025965305,1.099352806264704,4.7357629088612345,44.62982846544934,4.544611314055207,0.8726824859520057,1.5623996257781982,1.2374423742294312,8.0,0.0031081102788448334,3.6509212357657295,1.1085687240996918,4.759489959865421,44.79560282323268,4.6468873011601435,0.869572262485306,1.5594005584716797,1.2288758754730225,8.0,0.0031081102788448334,3.653123006366548,1.107737219901312,4.7608602262678605,44.7429674421038,4.494720032101585,0.8669150534130278,1.5565810203552246,1.2239658832550049,8.0,0.0031081102788448334
3.6364101025965305,1.099352806264704,4.7357629088612345,44.62982846544934,4.544611314055207,0.8726824859520057,1.5623996257781982,1.2374423742294312,8.0,0.0031081102788448334,3.6509212357657295,1.1085687240996918,4.759489959865421,44.79560282323268,4.6468873011601435,0.869572262485306,1.5594005584716797,1.2288758754730225,8.0,0.0031081102788448334,3.653123006366548,1.107737219901312,4.7608602262678605,44.7429674421038,4.494720032101585,0.8669150534130278,1.5565810203552246,1.2239658832550049,8.0,0.0031081102788448334
3.6364101025965305,1.099352806264704,4.7357629088612345,44.62982846544934,4.544611314055207,0.8726824859520057,1.5623996257781982,1.2374423742294312,8.0,0.0031081102788448334,3.6509212357657295,1.1085687240996918,4.759489959865421,44.79560282323268,4.6468873011601435,0.869572262485306,1.5594005584716797,1.2288758754730225,8.0,0.0031081102788448334,3.653123006366548,1.107737219901312,4.7608602262678605,44.7429674421038,4.494720032101585,0.8669150534130278,1.5565810203552246,1.2239658832550049,8.0,0.0031081102788448334
3.643718092782157,1.0931005570795629,4.7368186498617195,51.56767252141779,4.543944321669541,0.8806639213066596,1.5703680515289307,1.2523283958435059,8.0,0.0031193518079817295,3.6488855522948427,1.1021166532070605,4.751002205501903,51.73127998252968,4.646153385608227,0.8777642965316772,1.567618727684021,1.244208812713623,8.0,0.0031193518079817295,3.6545472985222225,1.1004050890604655,4.754952387582688,51.69282938639323,4.493980325971331,0.8752094938641503,1.564858078956604,1.239308476448059,8.0,0.0031193518079817295
3.643718092782157,1.0931005570795629,4.7368186498617195,51.56767252141779,4.543944321669541,0.8806639213066596,1.5703680515289307,1.2523283958435059,8.0,0.0031193518079817295,3.6488855522948427,1.1021166532070605,4.751002205501903,51.73127998252968,4.646153385608227,0.8777642965316772,1.567618727684021,1.244208812713623,8.0,0.0031193518079817295,3.6545472985222225,1.1004050890604655,4.754952387582688,51.69282938639323,4.493980325971331,0.8752094938641503,1.564858078956604,1.239308476448059,8.0,0.0031193518079817295
3.643718092782157,1.0931005570795629,4.7368186498617195,51.56767252141779,4.543944321669541,0.8806639213066596,1.5703680515289307,1.2523283958435059,8.0,0.0031193518079817295,3.6488855522948427,1.1021166532070605,4.751002205501903,51.73127998252968,4.646153385608227,0.8777642965316772,1.567618727684021,1.244208812713623,8.0,0.0031193518079817295,3.6545472985222225,1.1004050890604655,4.754952387582688,51.69282938639323,4.493980325971331,0.8752094938641503,1.564858078956604,1.239308476448059,8.0,0.0031193518079817295
3.643718092782157,1.0931005570795629,4.7368186498617195,51.56767252141779,4.543944321669541,0.8806639213066596,1.5703680515289307,1.2523283958435059,8.0,0.0031193518079817295,3.6488855522948427,1.1021166532070605,4.751002205501903,51.73127998252968,4.646153385608227,0.8777642965316772,1.567618727684021,1.244208812713623,8.0,0.0031193518079817295,3.6545472985222225,1.1004050890604655,4.754952387582688,51.69282938639323,4.493980325971331,0.8752094938641503,1.564858078956604,1.239308476448059,8.0,0.0031193518079817295
3.642379772508299,1.0891465824919861,4.731526355000286,57.19529369403789,4.543547422235663,0.8858430998665946,1.5755292177200317,1.2641990184783936,7.0,0.0031271735206246376,3.6579795515382445,1.0979978118624005,4.755977363400645,57.35618659675895,4.6457318541291475,0.8831418755766633,1.5728936195373535,1.2558451890945435,8.0,0.0031271735206246376,3.6531069710141137,1.0962923504057385,4.749399321419852,57.32983921595982,4.493572434924897,0.8804772592726208,1.5702217817306519,1.2515628337860107,8.0,0.0031271735206246376
3.642379772508299,1.0891465824919861,4.731526355000286,57.19529369403789,4.543547422235663,0.8858430998665946,1.5755292177200317,1.2641990184783936,7.0,0.0031271735206246376,3.6579795515382445,1.0979978118624005,4.755977363400645,57.35618659675895,4.6457318541291475,0.8831418755766633,1.5728936195373535,1.2558451890945435,8.0,0.0031271735206246376,3.6531069710141137,1.0962923504057385,4.749399321419852,57.32983921595982,4.493572434924897,0.8804772592726208,1.5702217817306519,1.2515628337860107,8.0,0.0031271735206246376
3.642379772508299,1.0891465824919861,4.731526355000286,57.19529369403789,4.543547422235663,0.8858430998665946,1.5755292177200317,1.2641990184783936,7.0,0.0031271735206246376,3.6579795515382445,1.0979978118624005,4.755977363400645,57.35618659675895,4.6457318541291475,0.8831418755766633,1.5728936195373535,1.2558451890945435,8.0,0.0031271735206246376,3.6531069710141137,1.0962923504057385,4.749399321419852,57.32983921595982,4.493572434924897,0.8804772592726208,1.5702217817306519,1.2515628337860107,8.0,0.0031271735206246376
3.642379772508299,1.0891465824919861,4.731526355000286,57.19529369403789,4.543547422235663,0.8858430998665946,1.5755292177200317,1.2641990184783936,7.0,0.0031271735206246376,3.6579795515382445,1.0979978118624005,4.755977363400645,57.35618659675895,4.6457318541291475,0.8831418755766633,1.5728936195373535,1.2558451890945435,8.0,0.0031271735206246376,3.6531069710141137,1.0962923504057385,4.749399321419852,57.32983921595982,4.493572434924897,0.8804772592726208,1.5702217817306519,1.2515628337860107,8.0,0.0031271735206246376
3.660996168309992,1.0859983233662396,4.746994491676231,62.00749105478262,4.543298993791852,0.8904862143776634,1.580171823501587,1.274070143699646,7.0,0.0031326385214924812,3.6729107088856883,1.0950035215972307,4.767914230482919,62.167104329691306,4.645489036262809,0.888076528016623,1.5778217315673828,1.2662932872772217,8.0,0.0031326385214924812,3.6708365985325404,1.093252792812529,4.7640893913450695,62.147384679885135,4.493298921130952,0.8851957695824759,1.5748776197433472,1.261368989944458,8.0,0.0031326385214924812
3.660996168309992,1.0859983233662396,4.746994491676231,62.00749105478262,4.543298993791852,0.8904862143776634,1.580171823501587,1.274070143699646,7.0,0.0031326385214924812,3.6729107088856883,1.0950035215972307,4.767914230482919,62.167104329691306,4.645489036262809,0.888076528016623,1.5778217315673828,1.2662932872772217,8.0,0.0031326385214924812,3.6708365985325404,1.093252792812529,4.7640893913450695,62.147384679885135,4.493298921130952,0.8851957695824759,1.5748776197433472,1.261368989944458,8.0,0.0031326385214924812
3.660996168309992,1.0859983233662396,4.746994491676231,62.00749105478262,4.543298993791852,0.8904862143776634,1.580171823501587,1.274070143699646,7.0,0.0031326385214924812,3.6729107088856883,1.0950035215972307,4.767914230482919,62.167104329691306,4.645489036262809,0.888076528016623,1.5778217315673828,1.2662932872772217,8.0,0.0031326385214924812,3.6708365985325404,1.093252792812529,4.7640893913450695,62.147384679885135,4.493298921130952,0.8851957695824759,1.5748776197433472,1.261368989944458,8.0,0.0031326385214924812
3.660996168309992,1.0859983233662396,4.746994491676231,62.00749105478262,4.543298993791852,0.8904862143776634,1.580171823501587,1.274070143699646,7.0,0.0031326385214924812,3.6729107088856883,1.0950035215972307,4.767914230482919,62.167104329691306,4.645489036262809,0.888076528016623,1.5778217315673828,1.2662932872772217,8.0,0.0031326385214924812,3.6708365985325404,1.093252792812529,4.7640893913450695,62.147384679885135,4.493298921130952,0.8851957695824759,1.5748776197433472,1.261368989944458,8.0,0.0031326385214924812
3.649508488642705,1.085125445700311,4.734633934343016,66.28109794715782,4.543114243544541,0.8934346154138639,1.5831581354141235,1.2799339294433594,7.0,0.0031365896575152874,3.663817244690734,1.093848054749625,4.757665299440359,66.4435345934583,4.645442326037915,0.8911433603856471,1.5809205770492554,1.2719374895095825,8.0,0.0031365896575152874,3.6607756115141368,1.092150152297247,4.752925763811383,66.42759239560081,4.493085979280018,0.8881431369554429,1.577824354171753,1.2672454118728638,8.0,0.0031365896575152874
3.649508488642705,1.085125445700311,4.734633934343016,66.28109794715782,4.543114243544541,0.8934346154138639,1.5831581354141235,1.2799339294433594,7.0,0.0031365896575152874,3.663817244690734,1.093848054749625,4.757665299440359,66.4435345934583,4.645442326037915,0.8911433603856471,1.5809205770492554,1.2719374895095825,8.0,0.0031365896575152874,3.6607756115141368,1.092150152297247,4.752925763811383,66.42759239560081,4.493085979280018,0.8881431369554429,1.577824354171753,1.2672454118728638,8.0,0.0031365896575152874
3.649508488642705,1.085125445700311,4.734633934343016,66.28109794715782,4.543114243544541,0.8934346154138639,1.5831581354141235,1.2799339294433594,7.0,0.0031365896575152874,3.663817244690734,1.093848054749625,4.757665299440359,66.4435345934583,4.645442326037915,0.8911433603856471,1.5809205770492554,1.2719374895095825,8.0,0.0031365896575152874,3.6607756115141368,1.092150152297247,4.752925763811383,66.42759239560081,4.493085979280018,0.8881431369554429,1.577824354171753,1.2672454118728638,8.0,0.0031365896575152874
3.649508488642705,1.085125445700311,4.734633934343016,66.28109794715782,4.543114243544541,0.8934346154138639,1.5831581354141235,1.2799339294433594,7.0,0.0031365896575152874,3.663817244690734,1.093848054749625,4.757665299440359,66.4435345934583,4.645442326037915,0.8911433603856471,1.5809205770492554,1.2719374895095825,8.0,0.0031365896575152874,3.6607756115141368,1.092150152297247,4.752925763811383,66.42759239560081,4.493085979280018,0.8881431369554429,1.577824354171753,1.2672454118728638,8.0,0.0031365896575152874
3.6412975137883965,1.0853283046127913,4.726625818401188,70.13148379635501,4.543074434453791,0.8954408918108259,1.58516526222229,1.284928560256958,7.0,0.003139759413897991,3.65603783285463,1.0939762103093136,4.750014043163944,70.30009611055448,4.645300188931552,0.8933421162815837,1.5831348896026611,1.2775882482528687,8.0,0.003139759413897991,3.6538652397337414,1.0923299766722179,4.746195216405959,70.2820804414295,4.493059367225284,0.8901333298001971,1.5797863006591797,1.272146224975586,7.0,0.003139759413897991
3.6412975137883965,1.0853283046127913,4.726625818401188,70.13148379635501,4.543074434453791,0.8954408918108259,1.58516526222229,1.284928560256958,7.0,0.003139759413897991,3.65603783285463,1.0939762103093136,4.750014043163944,70.30009611055448,4.645300188931552,0.8933421162815837,1.5831348896026611,1.2775882482528687,8.0,0.003139759413897991,3.6538652397337414,1.0923299766722179,4.746195216405959,70.2820804414295,4.493059367225284,0.8901333298001971,1.5797863006591797,1.272146224975586,7.0,0.003139759413897991
3.6412975137883965,1.0853283046127913,4.726625818401188,70.13148379635501,4.543074434453791,0.8954408918108259,1.58516526222229,1.284928560256958,7.0,0.003139759413897991,3.65603783285463,1.0939762103093136,4.750014043163944,70.30009611055448,4.645300188931552,0.8933421162815837,1.5831348896026611,1.2775882482528687,8.0,0.003139759413897991,3.6538652397337414,1.0923299766722179,4.746195216405959,70.2820804414295,4.493059367225284,0.8901333298001971,1.5797863006591797,1.272146224975586,7.0,0.003139759413897991
3.6412975137883965,1.0853283046127913,4.726625818401188,70.13148379635501,4.543074434453791,0.8954408918108259,1.58516526222229,1.284928560256958,7.0,0.003139759413897991,3.65603783285463,1.0939762103093136,4.750014043163944,70.30009611055448,4.645300188931552,0.8933421162815837,1.5831348896026611,1.2775882482528687,8.0,0.003139759413897991,3.6538652397337414,1.0923299766722179,4.746195216405959,70.2820804414295,4.493059367225284,0.8901333298001971,1.5797863006591797,1.272146224975586,7.0,0.003139759413897991
3.652574043150072,1.0859977836732742,4.738571826823346,73.65751808463753,4.543032771271545,0.8972678203087349,1.587012767791748,1.2876665592193604,7.0,0.0031422744505107403,3.666022084595321,1.094114351272583,4.760136435867904,73.83430851527623,4.645253493569114,0.8953064049993242,1.5851266384124756,1.281577229499817,8.0,0.0031422744505107403,3.665336311431158,1.092856538863409,4.758192850294567,73.80783313569569,4.493181764511835,0.8919285030592056,1.5816069841384888,1.2756767272949219,7.0,0.0031422744505107403
3.652574043150072,1.0859977836732742,4.738571826823346,73.65751808463753,4.543032771271545,0.8972678203087349,1.587012767791748,1.2876665592193604,7.0,0.0031422744505107403,3.666022084595321,1.094114351272583,4.760136435867904,73.83430851527623,4.645253493569114,0.8953064049993242,1.5851266384124756,1.281577229499817,8.0,0.0031422744505107403,3.665336311431158,1.092856538863409,4.758192850294567,73.80783313569569,4.493181764511835,0.8919285030592056,1.5816069841384888,1.2756767272949219,7.0,0.0031422744505107403
3.652574043150072,1.0859977836732742,4.738571826823346,73.65751808463753,4.543032771271545,0.8972678203087349,1.587012767791748,1.2876665592193604,7.0,0.0031422744505107403,3.666022084595321,1.094114351272583,4.760136435867904,73.83430851527623,4.645253493569114,0.8953064049993242,1.5851266384124756,1.281577229499817,8.0,0.0031422744505107403,3.665336311431158,1.092856538863409,4.758192850294567,73.80783313569569,4.493181764511835,0.8919285030592056,1.5816069841384888,1.2756767272949219,7.0,0.0031422744505107403
3.652574043150072,1.0859977836732742,4.738571826823346,73.65751808463753,4.543032771271545,0.8972678203087349,1.587012767791748,1.2876665592193604,7.0,0.0031422744505107403,3.666022084595321,1.094114351272583,4.760136435867904,73.83430851527623,4.645253493569114,0.8953064049993242,1.5851266384124756,1.281577229499817,8.0,0.0031422744505107403,3.665336311431158,1.092856538863409,4.758192850294567,73.80783313569569,4.493181764511835,0.8919285030592056,1.5816069841384888,1.2756767272949219,7.0,0.0031422744505107403
3.643229069647851,1.0878423532882293,4.73107142293608,76.93690787971794,4.543044446969962,0.8982837890649771,1.5879805088043213,1.2903475761413574,7.0,0.003144295420497656,3.6517656115742474,1.0952740198606021,4.747039631434849,77.12282859504997,4.645239473318124,0.8964171666603584,1.5862340927124023,1.2836287021636963,7.0,0.003144295420497656,3.6589064915974934,1.0947571334384736,4.753663625035967,77.09003106980097,4.493130988166445,0.8929561155182975,1.5826375484466553,1.277787685394287,7.0,0.003144295420497656
3.643229069647851,1.0878423532882293,4.73107142293608,76.93690787971794,4.543044446969962,0.8982837890649771,1.5879805088043213,1.2903475761413574,7.0,0.003144295420497656,3.6517656115742474,1.0952740198606021,4.747039631434849,77.12282859504997,4.645239473318124,0.8964171666603584,1.5862340927124023,1.2836287021636963,7.0,0.003144295420497656,3.6589064915974934,1.0947571334384736,4.753663625035967,77.09003106980097,4.493130988166445,0.8929561155182975,1.5826375484466553,1.277787685394287,7.0,0.003144295420497656
3.643229069647851,1.0878423532882293,4.73107142293608,76.93690787971794,4.543044446969962,0.8982837890649771,1.5879805088043213,1.2903475761413574,7.0,0.003144295420497656,3.6517656115742474,1.0952740198606021,4.747039631434849,77.12282859504997,4.645239473318124,0.8964171666603584,1.5862340927124023,1.2836287021636963,7.0,0.003144295420497656,3.6589064915974934,1.0947571334384736,4.753663625035967,77.09003106980097,4.493130988166445,0.8929561155182975,1.5826375484466553,1.277787685394287,7.0,0.003144295420497656
3.643229069647851,1.0878423532882293,4.73107142293608,76.93690787971794,4.543044446969962,0.8982837890649771,1.5879805088043213,1.2903475761413574,7.0,0.003144295420497656,3.6517656115742474,1.0952740198606021,4.747039631434849,77.12282859504997,4.645239473318124,0.8964171666603584,1.5862340927124023,1.2836287021636963,7.0,0.003144295420497656,3.6589064915974934,1.0947571334384736,4.753663625035967,77.09003106980097,4.493130988166445,0.8929561155182975,1.5826375484466553,1.277787685394287,7.0,0.003144295420497656
3.6461084650708484,1.0900337318321327,4.736142196902981,80.00885661732067,4.5430510508549675,0.898927631935516,1.5886809825897217,1.2904728651046753,7.0,0.003146180883049965,3.6598334993634904,1.0970991679600306,4.756932667323521,80.2054315740412,4.645185802509259,0.8970646844281779,1.5868806838989258,1.28383469581604,7.0,0.003146180883049965,3.6577392487298876,1.0973951294308617,4.755134378160749,80.16248830159505,4.493139780135381,0.8935675115812393,1.583263874053955,1.2776793241500854,7.0,0.003146180883049965
3.6461084650708484,1.0900337318321327,4.736142196902981,80.00885661732067,4.5430510508549675,0.898927631935516,1.5886809825897217,1.2904728651046753,7.0,0.003146180883049965,3.6598334993634904,1.0970991679600306,4.756932667323521,80.2054315740412,4.645185802509259,0.8970646844281779,1.5868806838989258,1.28383469581604,7.0,0.003146180883049965,3.6577392487298876,1.0973951294308617,4.755134378160749,80.16248830159505,4.493139780135381,0.8935675115812393,1.583263874053955,1.2776793241500854,7.0,0.003146180883049965
3.6461084650708484,1.0900337318321327,4.736142196902981,80.00885661732067,4.5430510508549675,0.898927631935516,1.5886809825897217,1.2904728651046753,7.0,0.003146180883049965,3.6598334993634904,1.0970991679600306,4.756932667323521,80.2054315740412,4.645185802509259,0.8970646844281779,1.5868806838989258,1.28383469581604,7.0,0.003146180883049965,3.6577392487298876,1.0973951294308617,4.755134378160749,80.16248830159505,4.493139780135381,0.8935675115812393,1.583263874053955,1.2776793241500854,7.0,0.003146180883049965
3.6461084650708484,1.0900337318321327,4.736142196902981,80.00885661732067,4.5430510508549675,0.898927631935516,1.5886809825897217,1.2904728651046753,7.0,0.003146180883049965,3.6598334993634904,1.0970991679600306,4.756932667323521,80.2054315740412,4.645185802509259,0.8970646844281779,1.5868806838989258,1.28383469581604,7.0,0.003146180883049965,3.6577392487298876,1.0973951294308617,4.755134378160749,80.16248830159505,4.493139780135381,0.8935675115812393,1.583263874053955,1.2776793241500854,7.0,0.003146180883049965
3.6408486552052683,1.0922646250043597,4.733113280209628,82.9079842703683,4.543111785046466,0.8988630062573916,1.5886732339859009,1.2900547981262207,7.0,0.003147925017401576,3.654090031091269,1.0995400986114106,4.75363012970268,83.11363660143567,4.645304612989549,0.8970055075434895,1.5868098735809326,1.2838759422302246,7.0,0.003147925017401576,3.6521395774114698,1.100433561915443,4.752573139326913,83.05851345970517,4.493178835369291,0.8934572004136585,1.5831520557403564,1.2774016857147217,7.0,0.003147925017401576
3.6408486552052683,1.0922646250043597,4.733113280209628,82.9079842703683,4.543111785046466,0.8988630062573916,1.5886732339859009,1.2900547981262207,7.0,0.003147925017401576,3.654090031091269,1.0995400986114106,4.75363012970268,83.11363660143567,4.645304612989549,0.8970055075434895,1.5868098735809326,1.2838759422302246,7.0,0.003147925017401576,3.6521395774114698,1.100433561915443,4.752573139326913,83.05851345970517,4.493178835369291,0.8934572004136585,1.5831520557403564,1.2774016857147217,7.0,0.003147925017401576
3.6408486552052683,1.0922646250043597,4.733113280209628,82.9079842703683,4.543111785046466,0.8988630062573916,1.5886732339859009,1.2900547981262207,7.0,0.003147925017401576,3.654090031091269,1.0995400986114106,4.75363012970268,83.11363660143567,4.645304612989549,0.8970055075434895,1.5868098735809326,1.2838759422302246,7.0,0.003147925017401576,3.6521395774114698,1.100433561915443,4.752573139326913,83.05851345970517,4.493178835369291,0.8934572004136585,1.5831520557403564,1.2774016857147217,7.0,0.003147925017401576
3.6408486552052683,1.0922646250043597,4.733113280209628,82.9079842703683,4.543111785046466,0.8988630062573916,1.5886732339859009,1.2900547981262207,7.0,0.003147925017401576,3.654090031091269,1.0995400986114106,4.75363012970268,83.11363660143567,4.645304612989549,0.8970055075434895,1.5868098735809326,1.2838759422302246,7.0,0.003147925017401576,3.6521395774114698,1.100433561915443,4.752573139326913,83.05851345970517,4.493178835369291,0.8934572004136585,1.5831520557403564,1.2774016857147217,7.0,0.003147925017401576
3.64470982365794,1.0956346524226201,4.74034447608056,85.65717882428851,4.543241899663752,0.8981769276903822,1.5879552364349365,1.288172721862793,7.0,0.0031495396979153156,3.656496186689897,1.1025552752730134,4.75905146196291,85.87110326197241,4.6454424449375695,0.8963839534041169,1.5861481428146362,1.2823565006256104,7.0,0.0031495396979153156,3.6575642971765427,1.103838670821417,4.7614029679979595,85.80332125709171,4.493241791498093,0.8929543972015381,1.5826890468597412,1.2757126092910767,8.0,0.0031495396979153156
3.64470982365794,1.0956346524226201,4.74034447608056,85.65717882428851,4.543241899663752,0.8981769276903822,1.5879552364349365,1.288172721862793,7.0,0.0031495396979153156,3.656496186689897,1.1025552752730134,4.75905146196291,85.87110326197241,4.6454424449375695,0.8963839534041169,1.5861481428146362,1.2823565006256104,7.0,0.0031495396979153156,3.6575642971765427,1.103838670821417,4.7614029679979595,85.80332125709171,4.493241791498093,0.8929543972015381,1.5826890468597412,1.2757126092910767,8.0,0.0031495396979153156
3.64470982365794,1.0956346524226201,4.74034447608056,85.65717882428851,4.543241899663752,0.8981769276903822,1.5879552364349365,1.288172721862793,7.0,0.0031495396979153156,3.656496186689897,1.1025552752730134,4.75905146196291,85.87110326197241,4.6454424449375695,0.8963839534041169,1.5861481428146362,1.2823565006256104,7.0,0.0031495396979153156,3.6575642971765427,1.103838670821417,4.7614029679979595,85.80332125709171,4.493241791498093,0.8929543972015381,1.5826890468597412,1.2757126092910767,8.0,0.0031495396979153156
3.64470982365794,1.0956346524226201,4.74034447608056,85.65717882428851,4.543241899663752,0.8981769276903822,1.5879552364349365,1.288172721862793,7.0,0.0031495396979153156,3.656496186689897,1.1025552752730134,4.75905146196291,85.87110326197241,4.6454424449375695,0.8963839534041169,1.5861481428146362,1.2823565006256104,7.0,0.0031495396979153156,3.6575642971765427,1.103838670821417,4.7614029679979595,85.80332125709171,4.493241791498093,0.8929543972015381,1.5826890468597412,1.2757126092910767,8.0,0.0031495396979153156
3.6355243924376253,1.1001471051922092,4.735671497629834,88.27026957722454,4.543325014238234,0.8966072505170649,1.5863842964172363,1.2857756614685059,7.0,0.0031511106062680483,3.6482628209250314,1.1063963533995989,4.7546591743246305,88.49036294516031,4.645582937265371,0.8948937970322448,1.5846734046936035,1.2800394296646118,7.0,0.0031511106062680483,3.653215907868885,1.1082655429840087,4.7614814508528935,88.41076122465587,4.493397013346354,0.8915547387940543,1.5812534093856812,1.2737267017364502,8.0,0.0031511106062680483
3.6355243924376253,1.1001471051922092,4.735671497629834,88.27026957722454,4.543325014238234,0.8966072505170649,1.5863842964172363,1.2857756614685059,7.0,0.0031511106062680483,3.6482628209250314,1.1063963533995989,4.7546591743246305,88.49036294516031,4.645582937265371,0.8948937970322448,1.5846734046936035,1.2800394296646118,7.0,0.0031511106062680483,3.653215907868885,1.1082655429840087,4.7614814508528935,88.41076122465587,4.493397013346354,0.8915547387940543,1.5812534093856812,1.2737267017364502,8.0,0.0031511106062680483
3.6355243924376253,1.1001471051922092,4.735671497629834,88.27026957722454,4.543325014238234,0.8966072505170649,1.5863842964172363,1.2857756614685059,7.0,0.0031511106062680483,3.6482628209250314,1.1063963533995989,4.7546591743246305,88.49036294516031,4.645582937265371,0.8948937970322448,1.5846734046936035,1.2800394296646118,7.0,0.0031511106062680483,3.653215907868885,1.1082655429840087,4.7614814508528935,88.41076122465587,4.493397013346354,0.8915547387940543,1.5812534093856812,1.2737267017364502,8.0,0.0031511106062680483
3.6355243924376253,1.1001471051922092,4.735671497629834,88.27026957722454,4.543325014238234,0.8966072505170649,1.5863842964172363,1.2857756614685059,7.0,0.0031511106062680483,3.6482628209250314,1.1063963533995989,4.7546591743246305,88.49036294516031,4.645582937265371,0.8948937970322448,1.5846734046936035,1.2800394296646118,7.0,0.0031511106062680483,3.653215907868885,1.1082655429840087,4.7614814508528935,88.41076122465587,4.493397013346354,0.8915547387940543,1.5812534093856812,1.2737267017364502,8.0,0.0031511106062680483
3.6379632169550113,1.1048668632259617,4.742830080180973,90.7845661906453,4.543436483903364,0.8945328523586322,1.5843526124954224,1.2794023752212524,7.0,0.003152734600007534,3.6454769989112754,1.1112402674439665,4.756717266355242,91.0101581920277,4.645702176279836,0.8929138548962482,1.5827208757400513,1.2744724750518799,7.0,0.003152734600007534,3.6505870296841576,1.1136393978482202,4.764226427532378,90.9239027477446,4.493367376781645,0.8896033536820185,1.579284906387329,1.2675890922546387,8.0,0.003152734600007534
3.6379632169550113,1.1048668632259617,4.742830080180973,90.7845661906453,4.543436483903364,0.8945328523586322,1.5843526124954224,1.2794023752212524,7.0,0.003152734600007534,3.6454769989112754,1.1112402674439665,4.756717266355242,91.0101581920277,4.645702176279836,0.8929138548962482,1.5827208757400513,1.2744724750518799,7.0,0.003152734600007534,3.6505870296841576,1.1136393978482202,4.764226427532378,90.9239027477446,4.493367376781645,0.8896033536820185,1.579284906387329,1.2675890922546387,8.0,0.003152734600007534
3.6379632169550113,1.1048668632259617,4.742830080180973,90.7845661906453,4.543436483903364,0.8945328523586322,1.5843526124954224,1.2794023752212524,7.0,0.003152734600007534,3.6454769989112754,1.1112402674439665,4.756717266355242,91.0101581920277,4.645702176279836,0.8929138548962482,1.5827208757400513,1.2744724750518799,7.0,0.003152734600007534,3.6505870296841576,1.1136393978482202,4.764226427532378,90.9239027477446,4.493367376781645,0.8896033536820185,1.579284906387329,1.2675890922546387,8.0,0.003152734600007534
3.6379632169550113,1.1048668632259617,4.742830080180973,90.7845661906453,4.543436483903364,0.8945328523586322,1.5843526124954224,1.2794023752212524,7.0,0.003152734600007534,3.6454769989112754,1.1112402674439665,4.756717266355242,91.0101581920277,4.645702176279836,0.8929138548962482,1.5827208757400513,1.2744724750518799,7.0,0.003152734600007534,3.6505870296841576,1.1136393978482202,4.764226427532378,90.9239027477446,4.493367376781645,0.8896033536820185,1.579284906387329,1.2675890922546387,8.0,0.003152734600007534
3.6452468909226456,1.1090389276479746,4.7542858185706205,93.17726890266715,4.543548631048822,0.8920417454335596,1.5818133354187012,1.2752145528793335,7.0,0.0031542940996587276,3.6533444986714945,1.1150993142809187,4.768443812952413,93.40659389743557,4.645888479653891,0.8904337132131899,1.5802741050720215,1.2705366611480713,7.0,0.0031542940996587276,3.6569057714371453,1.1175055129187448,4.774411284355891,93.30987032935732,4.493528534117199,0.8872428292319888,1.5769444704055786,1.2644821405410767,8.0,0.0031542940996587276
3.6452468909226456,1.1090389276479746,4.7542858185706205,93.17726890266715,4.543548631048822,0.8920417454335596,1.5818133354187012,1.2752145528793335,7.0,0.0031542940996587276,3.6533444986714945,1.1150993142809187,4.768443812952413,93.40659389743557,4.645888479653891,0.8904337132131899,1.5802741050720215,1.2705366611480713,7.0,0.0031542940996587276,3.6569057714371453,1.1175055129187448,4.774411284355891,93.30987032935732,4.493528534117199,0.8872428292319888,1.5769444704055786,1.2644821405410767,8.0,0.0031542940996587276
3.6452468909226456,1.1090389276479746,4.7542858185706205,93.17726890266715,4.543548631048822,0.8920417454335596,1.5818133354187012,1.2752145528793335,7.0,0.0031542940996587276,3.6533444986714945,1.1150993142809187,4.768443812952413,93.40659389743557,4.645888479653891,0.8904337132131899,1.5802741050720215,1.2705366611480713,7.0,0.0031542940996587276,3.6569057714371453,1.1175055129187448,4.774411284355891,93.30987032935732,4.493528534117199,0.8872428292319888,1.5769444704055786,1.2644821405410767,8.0,0.0031542940996587276
3.6452468909226456,1.1090389276479746,4.7542858185706205,93.17726890266715,4.543548631048822,0.8920417454335596,1.5818133354187012,1.2752145528793335,7.0,0.0031542940996587276,3.6533444986714945,1.1150993142809187,4.768443812952413,93.40659389743557,4.645888479653891,0.8904337132131899,1.5802741050720215,1.2705366611480713,7.0,0.0031542940996587276,3.6569057714371453,1.1175055129187448,4.774411284355891,93.30987032935732,4.493528534117199,0.8872428292319888,1.5769444704055786,1.2644821405410767,8.0,0.0031542940996587276
3.6402927801206513,1.114313267422961,4.7546060475436125,95.48202393767122,4.543806891007857,0.8887030925069537,1.578524112701416,1.2687222957611084,7.0,0.0031557250767946243,3.6515046516022123,1.1208630899330239,4.772367741535236,95.71626816786728,4.646037141378824,0.8871170164702775,1.5769262313842773,1.2636964321136475,7.0,0.0031557250767946243,3.651949848447527,1.1230047521137057,4.774954600561233,95.61487601143973,4.493551522209531,0.884071721917107,1.573789358139038,1.2586164474487305,8.0,0.0031557250767946243
3.6402927801206513,1.114313267422961,4.7546060475436125,95.48202393767122,4.543806891007857,0.8887030925069537,1.578524112701416,1.2687222957611084,7.0,0.0031557250767946243,3.6515046516022123,1.1208630899330239,4.772367741535236,95.71626816786728,4.646037141378824,0.8871170164702775,1.5769262313842773,1.2636964321136475,7.0,0.0031557250767946243,3.651949848447527,1.1230047521137057,4.774954600561233,95.61487601143973,4.493551522209531,0.884071721917107,1.573789358139038,1.2586164474487305,8.0,0.0031557250767946243
3.6402927801206513,1.114313267422961,4.7546060475436125,95.48202393767122,4.543806891007857,0.8887030925069537,1.578524112701416,1.2687222957611084,7.0,0.0031557250767946243,3.6515046516022123,1.1208630899330239,4.772367741535236,95.71626816786728,4.646037141378824,0.8871170164702775,1.5769262313842773,1.2636964321136475,7.0,0.0031557250767946243,3.651949848447527,1.1230047521137057,4.774954600561233,95.61487601143973,4.493551522209531,0.884071721917107,1.573789358139038,1.2586164474487305,8.0,0.0031557250767946243
3.6402927801206513,1.114313267422961,4.7546060475436125,95.48202393767122,4.543806891007857,0.8887030925069537,1.578524112701416,1.2687222957611084,7.0,0.0031557250767946243,3.6515046516022123,1.1208630899330239,4.772367741535236,95.71626816786728,4.646037141378824,0.8871170164702775,1.5769262313842773,1.2636964321136475,7.0,0.0031557250767946243,3.651949848447527,1.1230047521137057,4.774954600561233,95.61487601143973,4.493551522209531,0.884071721917107,1.573789358139038,1.2586164474487305,8.0,0.0031557250767946243
3.6465349661839475,1.1210805837210123,4.76761554990496,97.71912465281301,4.543897680802779,0.8832848065859311,1.5731103420257568,1.255912184715271,7.0,0.0031571700237691402,3.653471769605364,1.1282902144766473,4.781761984082012,97.95669753830154,4.646144235288942,0.8815503296914039,1.5714497566223145,1.2507396936416626,7.0,0.0031571700237691402,3.6616812274569557,1.1306288775943574,4.792310105051313,97.85463285900298,4.493746525900704,0.8787197533107939,1.5684268474578857,1.246164083480835,8.0,0.0031571700237691402
3.6465349661839475,1.1210805837210123,4.76761554990496,97.71912465281301,4.543897680802779,0.8832848065859311,1.5731103420257568,1.255912184715271,7.0,0.0031571700237691402,3.653471769605364,1.1282902144766473,4.781761984082012,97.95669753830154,4.646144235288942,0.8815503296914039,1.5714497566223145,1.2507396936416626,7.0,0.0031571700237691402,3.6616812274569557,1.1306288775943574,4.792310105051313,97.85463285900298,4.493746525900704,0.8787197533107939,1.5684268474578857,1.246164083480835,8.0,0.0031571700237691402
3.6465349661839475,1.1210805837210123,4.76761554990496,97.71912465281301,4.543897680802779,0.8832848065859311,1.5731103420257568,1.255912184715271,7.0,0.0031571700237691402,3.653471769605364,1.1282902144766473,4.781761984082012,97.95669753830154,4.646144235288942,0.8815503296914039,1.5714497566223145,1.2507396936416626,7.0,0.0031571700237691402,3.6616812274569557,1.1306288775943574,4.792310105051313,97.85463285900298,4.493746525900704,0.8787197533107939,1.5684268474578857,1.246164083480835,8.0,0.0031571700237691402
3.6465349661839475,1.1210805837210123,4.76761554990496,97.71912465281301,4.543897680802779,0.8832848065859311,1.5731103420257568,1.255912184715271,7.0,0.0031571700237691402,3.653471769605364,1.1282902144766473,4.781761984082012,97.95669753830154,4.646144235288942,0.8815503296914039,1.5714497566223145,1.2507396936416626,7.0,0.0031571700237691402,3.6616812274569557,1.1306288775943574,4.792310105051313,97.85463285900298,4.493746525900704,0.8787197533107939,1.5684268474578857,1.246164083480835,8.0,0.0031571700237691402
3.6571089143876905,1.1290542175243428,4.7861631319120335,99.88359664322493,4.544295511617289,0.8765477168095577,1.5664317607879639,1.244002103805542,7.0,0.003158619860187173,3.6664238254745287,1.1365665819737818,4.802990407448311,100.12233319963728,4.646443196086141,0.8747635246871354,1.5646319389343262,1.2372212409973145,7.0,0.003158619860187173,3.6695431936354863,1.1387262049175444,4.808269398553031,100.01821630568732,4.494076156616211,0.8720437186104911,1.5617835521697998,1.2336454391479492,8.0,0.003158619860187173
3.6571089143876905,1.1290542175243428,4.7861631319120335,99.88359664322493,4.544295511617289,0.8765477168095577,1.5664317607879639,1.244002103805542,7.0,0.003158619860187173,3.6664238254745287,1.1365665819737818,4.802990407448311,100.12233319963728,4.646443196086141,0.8747635246871354,1.5646319389343262,1.2372212409973145,7.0,0.003158619860187173,3.6695431936354863,1.1387262049175444,4.808269398553031,100.01821630568732,4.494076156616211,0.8720437186104911,1.5617835521697998,1.2336454391479492,8.0,0.003158619860187173
3.6571089143876905,1.1290542175243428,4.7861631319120335,99.88359664322493,4.544295511617289,0.8765477168095577,1.5664317607879639,1.244002103805542,7.0,0.003158619860187173,3.6664238254745287,1.1365665819737818,4.802990407448311,100.12233319963728,4.646443196086141,0.8747635246871354,1.5646319389343262,1.2372212409973145,7.0,0.003158619860187173,3.6695431936354863,1.1387262049175444,4.808269398553031,100.01821630568732,4.494076156616211,0.8720437186104911,1.5617835521697998,1.2336454391479492,8.0,0.003158619860187173
3.6571089143876905,1.1290542175243428,4.7861631319120335,99.88359664322493,4.544295511617289,0.8765477168095577,1.5664317607879639,1.244002103805542,7.0,0.003158619860187173,3.6664238254745287,1.1365665819737818,4.802990407448311,100.12233319963728,4.646443196086141,0.8747635246871354,1.5646319389343262,1.2372212409973145,7.0,0.003158619860187173,3.6695431936354863,1.1387262049175444,4.808269398553031,100.01821630568732,4.494076156616211,0.8720437186104911,1.5617835521697998,1.2336454391479492,8.0,0.003158619860187173
3.6594399619412115,1.140025909844931,4.7994658717861425,102.02558153821276,4.544466008768453,0.8654969630303321,1.5554189682006836,1.221778154373169,8.0,0.0031600925140082836,3.6728027207510814,1.1478917134272588,4.82069443417834,102.2569510719993,4.646677012257761,0.8639083097507427,1.5537996292114258,1.2152094841003418,7.0,0.0031600925140082836,3.674120551063901,1.150208065623329,4.82432861668723,102.15701279413132,4.494292867751349,0.8612624071893238,1.5509462356567383,1.211845874786377,8.0,0.0031600925140082836
3.6594399619412115,1.140025909844931,4.7994658717861425,102.02558153821276,4.544466008768453,0.8654969630303321,1.5554189682006836,1.221778154373169,8.0,0.0031600925140082836,3.6728027207510814,1.1478917134272588,4.82069443417834,102.2569510719993,4.646677012257761,0.8639083097507427,1.5537996292114258,1.2152094841003418,7.0,0.0031600925140082836,3.674120551063901,1.150208065623329,4.82432861668723,102.15701279413132,4.494292867751349,0.8612624071893238,1.5509462356567383,1.211845874786377,8.0,0.0031600925140082836
3.6594399619412115,1.140025909844931,4.7994658717861425,102.02558153821276,4.544466008768453,0.8654969630303321,1.5554189682006836,1.221778154373169,8.0,0.0031600925140082836,3.6728027207510814,1.1478917134272588,4.82069443417834,102.2569510719993,4.646677012257761,0.8639083097507427,1.5537996292114258,1.2152094841003418,7.0,0.0031600925140082836,3.674120551063901,1.150208065623329,4.82432861668723,102.15701279413132,4.494292867751349,0.8612624071893238,1.5509462356567383,1.211845874786377,8.0,0.0031600925140082836
3.6594399619412115,1.140025909844931,4.7994658717861425,102.02558153821276,4.544466008768453,0.8654969630303321,1.5554189682006836,1.221778154373169,8.0,0.0031600925140082836,3.6728027207510814,1.1478917134272588,4.82069443417834,102.2569510719993,4.646677012257761,0.8639083097507427,1.5537996292114258,1.2152094841003418,7.0,0.0031600925140082836,3.674120551063901,1.150208065623329,4.82432861668723,102.15701279413132,4.494292867751349,0.8612624071893238,1.5509462356567383,1.211845874786377,8.0,0.0031600925140082836
3.6680734844950886,1.1533903146719005,4.821463799166989,104.18814090877385,4.544638869050261,0.8510211576115001,1.5409692525863647,1.1948871612548828,8.0,0.0031617446802556515,3.6788842312701338,1.160250777083558,4.839135008353692,104.40937880478896,4.646822461214932,0.8498040462469125,1.5396833419799805,1.189159870147705,6.0,0.0031617446802556515,3.6783716133662634,1.1639001006171816,4.842271713983445,104.31861601329985,4.494539297194708,0.8469526665551322,1.5366634130477905,1.1856948137283325,7.0,0.0031617446802556515
3.6680734844950886,1.1533903146719005,4.821463799166989,104.18814090877385,4.544638869050261,0.8510211576115001,1.5409692525863647,1.1948871612548828,8.0,0.0031617446802556515,3.6788842312701338,1.160250777083558,4.839135008353692,104.40937880478896,4.646822461214932,0.8498040462469125,1.5396833419799805,1.189159870147705,6.0,0.0031617446802556515,3.6783716133662634,1.1639001006171816,4.842271713983445,104.31861601329985,4.494539297194708,0.8469526665551322,1.5366634130477905,1.1856948137283325,7.0,0.0031617446802556515
3.6680734844950886,1.1533903146719005,4.821463799166989,104.18814090877385,4.544638869050261,0.8510211576115001,1.5409692525863647,1.1948871612548828,8.0,0.0031617446802556515,3.6788842312701338,1.160250777083558,4.839135008353692,104.40937880478896,4.646822461214932,0.8498040462469125,1.5396833419799805,1.189159870147705,6.0,0.0031617446802556515,3.6783716133662634,1.1639001006171816,4.842271713983445,104.31861601329985,4.494539297194708,0.8469526665551322,1.5366634130477905,1.1856948137283325,7.0,0.0031617446802556515
3.6680734844950886,1.1533903146719005,4.821463799166989,104.18814090877385,4.544638869050261,0.8510211576115001,1.5409692525863647,1.1948871612548828,8.0,0.0031617446802556515,3.6788842312701338,1.160250777083558,4.839135008353692,104.40937880478896,4.646822461214932,0.8498040462469125,1.5396833419799805,1.189159870147705,6.0,0.0031617446802556515,3.6783716133662634,1.1639001006171816,4.842271713983445,104.31861601329985,4.494539297194708,0.8469526665551322,1.5366634130477905,1.1856948137283325,7.0,0.0031617446802556515
3.6849705720876718,1.168879476150909,4.853850048238581,105.09586922781808,4.544959417566076,0.8335926074486274,1.523505687713623,1.166483998298645,8.0,0.003163684159517288,3.6958974640090743,1.1747966611540164,4.870694125163091,106.59318411690849,4.647332790919712,0.8329397097810523,1.5228497982025146,1.162160873413086,6.0,0.003163684159517288,3.6921840894789923,1.1788699127378919,4.8710540022168844,106.52516610281808,4.494871207645962,0.8295086338406518,1.5192195177078247,1.1568291187286377,7.0,0.003163684159517288
3.6849705720876718,1.168879476150909,4.853850048238581,105.09586922781808,4.544959417566076,0.8335926074486274,1.523505687713623,1.166483998298645,8.0,0.003163684159517288,3.6958974640090743,1.1747966611540164,4.870694125163091,106.59318411690849,4.647332790919712,0.8329397097810523,1.5228497982025146,1.162160873413086,6.0,0.003163684159517288,3.6921840894789923,1.1788699127378919,4.8710540022168844,106.52516610281808,4.494871207645962,0.8295086338406518,1.5192195177078247,1.1568291187286377,7.0,0.003163684159517288
3.6849705720876718,1.168879476150909,4.853850048238581,105.09586922781808,4.544959417566076,0.8335926074486274,1.523505687713623,1.166483998298645,8.0,0.003163684159517288,3.6958974640090743,1.1747966611540164,4.870694125163091,106.59318411690849,4.647332790919712,0.8329397097810523,1.5228497982025146,1.162160873413086,6.0,0.003163684159517288,3.6921840894789923,1.1788699127378919,4.8710540022168844,106.52516610281808,4.494871207645962,0.8295086338406518,1.5192195177078247,1.1568291187286377,7.0,0.003163684159517288
3.6849705720876718,1.168879476150909,4.853850048238581,105.09586922781808,4.544959417566076,0.8335926074486274,1.523505687713623,1.166483998298645,8.0,0.003163684159517288,3.6958974640090743,1.1747966611540164,4.870694125163091,106.59318411690849,4.647332790919712,0.8329397097810523,1.5228497982025146,1.162160873413086,6.0,0.003163684159517288,3.6921840894789923,1.1788699127378919,4.8710540022168844,106.52516610281808,4.494871207645962,0.8295086338406518,1.5192195177078247,1.1568291187286377,7.0,0.003163684159517288
3.7050655364990233,1.1851188814485227,4.890184417947546,108.60556670349914,4.545279173417525,0.8164102291131948,1.5063505172729492,1.138678789138794,7.0,0.003165986156091094,3.720680399064894,1.1905629764903676,4.911243375555261,108.80014196618811,4.647519782920937,0.8158160550253731,1.5057415962219238,1.1349085569381714,7.0,0.003165986156091094,3.7135290327526276,1.194927181516375,4.908456214269003,108.77081211635044,4.4950813293457035,0.8122899498258318,1.5020256042480469,1.1295334100723267,7.0,0.003165986156091094
3.7050655364990233,1.1851188814485227,4.890184417947546,108.60556670349914,4.545279173417525,0.8164102291131948,1.5063505172729492,1.138678789138794,7.0,0.003165986156091094,3.720680399064894,1.1905629764903676,4.911243375555261,108.80014196618811,4.647519782920937,0.8158160550253731,1.5057415962219238,1.1349085569381714,7.0,0.003165986156091094,3.7135290327526276,1.194927181516375,4.908456214269003,108.77081211635044,4.4950813293457035,0.8122899498258318,1.5020256042480469,1.1295334100723267,7.0,0.003165986156091094
3.7050655364990233,1.1851188814485227,4.890184417947546,108.60556670349914,4.545279173417525,0.8164102291131948,1.5063505172729492,1.138678789138794,7.0,0.003165986156091094,3.720680399064894,1.1905629764903676,4.911243375555261,108.80014196618811,4.647519782920937,0.8158160550253731,1.5057415962219238,1.1349085569381714,7.0,0.003165986156091094,3.7135290327526276,1.194927181516375,4.908456214269003,108.77081211635044,4.4950813293457035,0.8122899498258318,1.5020256042480469,1.1295334100723267,7.0,0.003165986156091094
3.7050655364990233,1.1851188814485227,4.890184417947546,108.60556670349914,4.545279173417525,0.8164102291131948,1.5063505172729492,1.138678789138794,7.0,0.003165986156091094,3.720680399064894,1.1905629764903676,4.911243375555261,108.80014196618811,4.647519782920937,0.8158160550253731,1.5057415962219238,1.1349085569381714,7.0,0.003165986156091094,3.7135290327526276,1.194927181516375,4.908456214269003,108.77081211635044,4.4950813293457035,0.8122899498258318,1.5020256042480469,1.1295334100723267,7.0,0.003165986156091094
3.7147160257611955,1.2022865493576247,4.91700257511882,110.74145943777901,4.545728903931456,0.8023179622439595,1.4922454357147217,1.1164860725402832,7.0,0.003168204566463828,3.727056344763025,1.2085056713649205,4.935562016127945,110.94163299164215,4.648035346687614,0.8019024557881541,1.4917913675308228,1.1140679121017456,7.0,0.003168204566463828,3.7223740305219377,1.2120590766270956,4.934433107149033,110.93473568870908,4.4955786659604025,0.797674538408007,1.4873640537261963,1.1059178113937378,7.0,0.003168204566463828
3.7147160257611955,1.2022865493576247,4.91700257511882,110.74145943777901,4.545728903931456,0.8023179622439595,1.4922454357147217,1.1164860725402832,7.0,0.003168204566463828,3.727056344763025,1.2085056713649205,4.935562016127945,110.94163299164215,4.648035346687614,0.8019024557881541,1.4917913675308228,1.1140679121017456,7.0,0.003168204566463828,3.7223740305219377,1.2120590766270956,4.934433107149033,110.93473568870908,4.4955786659604025,0.797674538408007,1.4873640537261963,1.1059178113937378,7.0,0.003168204566463828
3.7147160257611955,1.2022865493576247,4.91700257511882,110.74145943777901,4.545728903931456,0.8023179622439595,1.4922454357147217,1.1164860725402832,7.0,0.003168204566463828,3.727056344763025,1.2085056713649205,4.935562016127945,110.94163299164215,4.648035346687614,0.8019024557881541,1.4917913675308228,1.1140679121017456,7.0,0.003168204566463828,3.7223740305219377,1.2120590766270956,4.934433107149033,110.93473568870908,4.4955786659604025,0.797674538408007,1.4873640537261963,1.1059178113937378,7.0,0.003168204566463828
3.7147160257611955,1.2022865493576247,4.91700257511882,110.74145943777901,4.545728903931456,0.8023179622439595,1.4922454357147217,1.1164860725402832,7.0,0.003168204566463828,3.727056344763025,1.2085056713649205,4.935562016127945,110.94163299164215,4.648035346687614,0.8019024557881541,1.4917913675308228,1.1140679121017456,7.0,0.003168204566463828,3.7223740305219377,1.2120590766270956,4.934433107149033,110.93473568870908,4.4955786659604025,0.797674538408007,1.4873640537261963,1.1059178113937378,7.0,0.003168204566463828
3.7276372172615746,1.2213642501211786,4.949001467382753,112.46171018922483,4.54634022403073,0.7880898754318039,1.47799813747406,1.0937416553497314,7.0,0.0031702276319265366,3.7318970197206967,1.2266849121490082,4.958581931869705,113.1243384423194,4.648607073201761,0.787932250406835,1.4778368473052979,1.0914533138275146,7.0,0.0031702276319265366,3.7337784857977003,1.2296104408445812,4.963388926642281,113.07737753731864,4.49602655683245,0.783890640167963,1.473623275756836,1.0837990045547485,7.0,0.0031702276319265366
