train_contrastive_loss,train_log_likelihood,train_entropy,train_b_diversity,train_c_diversity,train_diversity,train_n_unique_codewords,train_similarity,train_mlm_loss,train_ts_loss,dev_contrastive_loss,dev_log_likelihood,dev_entropy,dev_b_diversity,dev_c_diversity,dev_diversity,dev_n_unique_codewords,dev_similarity,dev_mlm_loss,dev_ts_loss,test_contrastive_loss,test_log_likelihood,test_entropy,test_b_diversity,test_c_diversity,test_diversity,test_n_unique_codewords,test_similarity,test_mlm_loss,test_ts_loss
4.162822036000041,10.250859681662027,9.903037395725002,5.532043938822561,4.12808084487915,6.024738788604736,12635.0,0.0004513507301453501,1.6377927606756038,5.800614796675645,4.167322913083163,10.353372930551505,10.005529242676573,5.532018522782759,4.119245529174805,5.987457275390625,9472.0,0.0004513507301453501,1.640883209178974,5.8082061222621375,4.162236336299351,10.201235680353074,9.85378364381336,5.532335322243827,4.1540679931640625,6.065511226654053,9968.0,0.0004513507301453501,1.687022606531779,5.84925894283113
4.093520607886377,10.236164122742492,9.918897509884525,5.534704296310227,4.187666893005371,6.204480171203613,13378.0,0.00045120014692656696,1.6615608075996497,5.755081415486027,4.094717860531497,10.338637443641563,10.02144353049142,5.534688196553812,4.179677486419678,6.170114517211914,10013.0,0.00045120014692656696,1.636153000670594,5.73087086120209,4.09739952541533,10.186742146809896,9.869450460161481,5.534917904081799,4.214412212371826,6.247895240783691,10560.0,0.00045120014692656696,1.704273609887986,5.801673135303316
4.093520607886377,10.236164122742492,9.918897509884525,5.534704296310227,4.187666893005371,6.204480171203613,13378.0,0.00045120014692656696,1.6615608075996497,5.755081415486027,4.094717860531497,10.338637443641563,10.02144353049142,5.534688196553812,4.179677486419678,6.170114517211914,10013.0,0.00045120014692656696,1.636153000670594,5.73087086120209,4.09739952541533,10.186742146809896,9.869450460161481,5.534917904081799,4.214412212371826,6.247895240783691,10560.0,0.00045120014692656696,1.704273609887986,5.801673135303316
4.093520607886377,10.236164122742492,9.918897509884525,5.534704296310227,4.187666893005371,6.204480171203613,13378.0,0.00045120014692656696,1.6615608075996497,5.755081415486027,4.094717860531497,10.338637443641563,10.02144353049142,5.534688196553812,4.179677486419678,6.170114517211914,10013.0,0.00045120014692656696,1.636153000670594,5.73087086120209,4.09739952541533,10.186742146809896,9.869450460161481,5.534917904081799,4.214412212371826,6.247895240783691,10560.0,0.00045120014692656696,1.704273609887986,5.801673135303316
3.887220758586735,10.280183242203353,9.773660372449205,5.438349084730272,4.10529088973999,6.134352684020996,14378.0,0.00044255348620936275,1.6059583267608246,5.49317908534756,3.8952568339062976,10.383464971765296,9.874600623489975,5.437565898895263,4.105201244354248,6.1090545654296875,10703.0,0.00044255348620936275,1.6052675240999692,5.500524358006267,3.8855010282425653,10.229530697777157,9.726965241205125,5.440668292272658,4.135185718536377,6.1822099685668945,11298.0,0.00044255348620936275,1.6448080937067668,5.530309121949332
3.887220758586735,10.280183242203353,9.773660372449205,5.438349084730272,4.10529088973999,6.134352684020996,14378.0,0.00044255348620936275,1.6059583267608246,5.49317908534756,3.8952568339062976,10.383464971765296,9.874600623489975,5.437565898895263,4.105201244354248,6.1090545654296875,10703.0,0.00044255348620936275,1.6052675240999692,5.500524358006267,3.8855010282425653,10.229530697777157,9.726965241205125,5.440668292272658,4.135185718536377,6.1822099685668945,11298.0,0.00044255348620936275,1.6448080937067668,5.530309121949332
3.887220758586735,10.280183242203353,9.773660372449205,5.438349084730272,4.10529088973999,6.134352684020996,14378.0,0.00044255348620936275,1.6059583267608246,5.49317908534756,3.8952568339062976,10.383464971765296,9.874600623489975,5.437565898895263,4.105201244354248,6.1090545654296875,10703.0,0.00044255348620936275,1.6052675240999692,5.500524358006267,3.8855010282425653,10.229530697777157,9.726965241205125,5.440668292272658,4.135185718536377,6.1822099685668945,11298.0,0.00044255348620936275,1.6448080937067668,5.530309121949332
3.887220758586735,10.280183242203353,9.773660372449205,5.438349084730272,4.10529088973999,6.134352684020996,14378.0,0.00044255348620936275,1.6059583267608246,5.49317908534756,3.8952568339062976,10.383464971765296,9.874600623489975,5.437565898895263,4.105201244354248,6.1090545654296875,10703.0,0.00044255348620936275,1.6052675240999692,5.500524358006267,3.8855010282425653,10.229530697777157,9.726965241205125,5.440668292272658,4.135185718536377,6.1822099685668945,11298.0,0.00044255348620936275,1.6448080937067668,5.530309121949332
3.762591353949014,10.306237025075145,9.706762100814224,5.402638663254775,3.6052298545837402,5.211408615112305,12084.0,0.0004009478725492954,1.2255806421304678,4.9881719960794815,3.77020390931662,10.409198384470754,9.80835000075303,5.4026285245821075,3.6056506633758545,5.193890571594238,8640.0,0.0004009478725492954,1.2317618493909959,5.001965758707616,3.759688379651024,10.253695951189314,9.6654998143514,5.408392370314825,3.626833915710449,5.250377178192139,9159.0,0.0004009478725492954,1.2542790674027942,5.013967447053818
3.762591353949014,10.306237025075145,9.706762100814224,5.402638663254775,3.6052298545837402,5.211408615112305,12084.0,0.0004009478725492954,1.2255806421304678,4.9881719960794815,3.77020390931662,10.409198384470754,9.80835000075303,5.4026285245821075,3.6056506633758545,5.193890571594238,8640.0,0.0004009478725492954,1.2317618493909959,5.001965758707616,3.759688379651024,10.253695951189314,9.6654998143514,5.408392370314825,3.626833915710449,5.250377178192139,9159.0,0.0004009478725492954,1.2542790674027942,5.013967447053818
3.762591353949014,10.306237025075145,9.706762100814224,5.402638663254775,3.6052298545837402,5.211408615112305,12084.0,0.0004009478725492954,1.2255806421304678,4.9881719960794815,3.77020390931662,10.409198384470754,9.80835000075303,5.4026285245821075,3.6056506633758545,5.193890571594238,8640.0,0.0004009478725492954,1.2317618493909959,5.001965758707616,3.759688379651024,10.253695951189314,9.6654998143514,5.408392370314825,3.626833915710449,5.250377178192139,9159.0,0.0004009478725492954,1.2542790674027942,5.013967447053818
3.762591353949014,10.306237025075145,9.706762100814224,5.402638663254775,3.6052298545837402,5.211408615112305,12084.0,0.0004009478725492954,1.2255806421304678,4.9881719960794815,3.77020390931662,10.409198384470754,9.80835000075303,5.4026285245821075,3.6056506633758545,5.193890571594238,8640.0,0.0004009478725492954,1.2317618493909959,5.001965758707616,3.759688379651024,10.253695951189314,9.6654998143514,5.408392370314825,3.626833915710449,5.250377178192139,9159.0,0.0004009478725492954,1.2542790674027942,5.013967447053818
3.703912019110345,10.2900983686571,9.73131995758453,5.417523557489568,3.8785362243652344,5.816763401031494,14211.0,0.0003345450386404991,1.4908665889269346,5.1947786080372795,3.7144897733415876,10.392740920921424,9.833502935434316,5.417823761778992,3.879977226257324,5.794533729553223,10588.0,0.0003345450386404991,1.4891909989443692,5.203680772285956,3.70622334026155,10.237107612973167,9.691562852405367,5.424181865510486,3.89996337890625,5.853590965270996,11320.0,0.0003345450386404991,1.4923923242659796,5.19861566452753
3.703912019110345,10.2900983686571,9.73131995758453,5.417523557489568,3.8785362243652344,5.816763401031494,14211.0,0.0003345450386404991,1.4908665889269346,5.1947786080372795,3.7144897733415876,10.392740920921424,9.833502935434316,5.417823761778992,3.879977226257324,5.794533729553223,10588.0,0.0003345450386404991,1.4891909989443692,5.203680772285956,3.70622334026155,10.237107612973167,9.691562852405367,5.424181865510486,3.89996337890625,5.853590965270996,11320.0,0.0003345450386404991,1.4923923242659796,5.19861566452753
3.703912019110345,10.2900983686571,9.73131995758453,5.417523557489568,3.8785362243652344,5.816763401031494,14211.0,0.0003345450386404991,1.4908665889269346,5.1947786080372795,3.7144897733415876,10.392740920921424,9.833502935434316,5.417823761778992,3.879977226257324,5.794533729553223,10588.0,0.0003345450386404991,1.4891909989443692,5.203680772285956,3.70622334026155,10.237107612973167,9.691562852405367,5.424181865510486,3.89996337890625,5.853590965270996,11320.0,0.0003345450386404991,1.4923923242659796,5.19861566452753
3.703912019110345,10.2900983686571,9.73131995758453,5.417523557489568,3.8785362243652344,5.816763401031494,14211.0,0.0003345450386404991,1.4908665889269346,5.1947786080372795,3.7144897733415876,10.392740920921424,9.833502935434316,5.417823761778992,3.879977226257324,5.794533729553223,10588.0,0.0003345450386404991,1.4891909989443692,5.203680772285956,3.70622334026155,10.237107612973167,9.691562852405367,5.424181865510486,3.89996337890625,5.853590965270996,11320.0,0.0003345450386404991,1.4923923242659796,5.19861566452753
3.6338191992276676,10.273551658531288,9.796416849904245,5.4659640733297765,3.758575916290283,5.6110358238220215,14437.0,0.0002781932707875967,1.5280095143751664,5.161828713602834,3.6393698593238732,10.376113351598963,9.898552262937867,5.466008899738262,3.758233070373535,5.58377742767334,10516.0,0.0002781932707875967,1.5211825711386544,5.160552430462528,3.6399345352536154,10.221951157706124,9.752316084362212,5.469706612541562,3.7740514278411865,5.6329545974731445,11106.0,0.0002781932707875967,1.535745162055606,5.175679697309222
3.6338191992276676,10.273551658531288,9.796416849904245,5.4659640733297765,3.758575916290283,5.6110358238220215,14437.0,0.0002781932707875967,1.5280095143751664,5.161828713602834,3.6393698593238732,10.376113351598963,9.898552262937867,5.466008899738262,3.758233070373535,5.58377742767334,10516.0,0.0002781932707875967,1.5211825711386544,5.160552430462528,3.6399345352536154,10.221951157706124,9.752316084362212,5.469706612541562,3.7740514278411865,5.6329545974731445,11106.0,0.0002781932707875967,1.535745162055606,5.175679697309222
3.6338191992276676,10.273551658531288,9.796416849904245,5.4659640733297765,3.758575916290283,5.6110358238220215,14437.0,0.0002781932707875967,1.5280095143751664,5.161828713602834,3.6393698593238732,10.376113351598963,9.898552262937867,5.466008899738262,3.758233070373535,5.58377742767334,10516.0,0.0002781932707875967,1.5211825711386544,5.160552430462528,3.6399345352536154,10.221951157706124,9.752316084362212,5.469706612541562,3.7740514278411865,5.6329545974731445,11106.0,0.0002781932707875967,1.535745162055606,5.175679697309222
3.6338191992276676,10.273551658531288,9.796416849904245,5.4659640733297765,3.758575916290283,5.6110358238220215,14437.0,0.0002781932707875967,1.5280095143751664,5.161828713602834,3.6393698593238732,10.376113351598963,9.898552262937867,5.466008899738262,3.758233070373535,5.58377742767334,10516.0,0.0002781932707875967,1.5211825711386544,5.160552430462528,3.6399345352536154,10.221951157706124,9.752316084362212,5.469706612541562,3.7740514278411865,5.6329545974731445,11106.0,0.0002781932707875967,1.535745162055606,5.175679697309222
3.611869125242357,10.285167228401482,9.78697949446641,5.46493829504236,3.466714859008789,5.059783935546875,11264.0,0.0002966044412460178,1.518691231987693,5.13056035723005,3.6273737480114034,10.387908524352234,9.888668268377131,5.464697872508656,3.464600086212158,5.032670021057129,8121.0,0.0002966044412460178,1.5244600475608527,5.151833795572256,3.612255164555141,10.233628490992954,9.741763932364327,5.467843110220773,3.4827518463134766,5.08493709564209,8552.0,0.0002966044412460178,1.5309385276976086,5.1431936922527495
3.611869125242357,10.285167228401482,9.78697949446641,5.46493829504236,3.466714859008789,5.059783935546875,11264.0,0.0002966044412460178,1.518691231987693,5.13056035723005,3.6273737480114034,10.387908524352234,9.888668268377131,5.464697872508656,3.464600086212158,5.032670021057129,8121.0,0.0002966044412460178,1.5244600475608527,5.151833795572256,3.612255164555141,10.233628490992954,9.741763932364327,5.467843110220773,3.4827518463134766,5.08493709564209,8552.0,0.0002966044412460178,1.5309385276976086,5.1431936922527495
3.611869125242357,10.285167228401482,9.78697949446641,5.46493829504236,3.466714859008789,5.059783935546875,11264.0,0.0002966044412460178,1.518691231987693,5.13056035723005,3.6273737480114034,10.387908524352234,9.888668268377131,5.464697872508656,3.464600086212158,5.032670021057129,8121.0,0.0002966044412460178,1.5244600475608527,5.151833795572256,3.612255164555141,10.233628490992954,9.741763932364327,5.467843110220773,3.4827518463134766,5.08493709564209,8552.0,0.0002966044412460178,1.5309385276976086,5.1431936922527495
3.611869125242357,10.285167228401482,9.78697949446641,5.46493829504236,3.466714859008789,5.059783935546875,11264.0,0.0002966044412460178,1.518691231987693,5.13056035723005,3.6273737480114034,10.387908524352234,9.888668268377131,5.464697872508656,3.464600086212158,5.032670021057129,8121.0,0.0002966044412460178,1.5244600475608527,5.151833795572256,3.612255164555141,10.233628490992954,9.741763932364327,5.467843110220773,3.4827518463134766,5.08493709564209,8552.0,0.0002966044412460178,1.5309385276976086,5.1431936922527495
3.6055469432434477,10.282775888814555,9.803857902427772,5.471089058417778,3.332932472229004,4.756898403167725,9291.0,0.00037739574327133596,1.4119920996876507,5.017539042931098,3.6228701021764187,10.385715214617841,9.90532372462285,5.470695195879255,3.3305740356445312,4.733734130859375,6720.0,0.00037739574327133596,1.4141589765424851,5.037029078718904,3.6221463180723643,10.231058692932129,9.758356539408366,5.473494443439302,3.344409942626953,4.774750232696533,7168.0,0.00037739574327133596,1.4202329874038697,5.042379305476234
3.6055469432434477,10.282775888814555,9.803857902427772,5.471089058417778,3.332932472229004,4.756898403167725,9291.0,0.00037739574327133596,1.4119920996876507,5.017539042931098,3.6228701021764187,10.385715214617841,9.90532372462285,5.470695195879255,3.3305740356445312,4.733734130859375,6720.0,0.00037739574327133596,1.4141589765424851,5.037029078718904,3.6221463180723643,10.231058692932129,9.758356539408366,5.473494443439302,3.344409942626953,4.774750232696533,7168.0,0.00037739574327133596,1.4202329874038697,5.042379305476234
3.6055469432434477,10.282775888814555,9.803857902427772,5.471089058417778,3.332932472229004,4.756898403167725,9291.0,0.00037739574327133596,1.4119920996876507,5.017539042931098,3.6228701021764187,10.385715214617841,9.90532372462285,5.470695195879255,3.3305740356445312,4.733734130859375,6720.0,0.00037739574327133596,1.4141589765424851,5.037029078718904,3.6221463180723643,10.231058692932129,9.758356539408366,5.473494443439302,3.344409942626953,4.774750232696533,7168.0,0.00037739574327133596,1.4202329874038697,5.042379305476234
3.6055469432434477,10.282775888814555,9.803857902427772,5.471089058417778,3.332932472229004,4.756898403167725,9291.0,0.00037739574327133596,1.4119920996876507,5.017539042931098,3.6228701021764187,10.385715214617841,9.90532372462285,5.470695195879255,3.3305740356445312,4.733734130859375,6720.0,0.00037739574327133596,1.4141589765424851,5.037029078718904,3.6221463180723643,10.231058692932129,9.758356539408366,5.473494443439302,3.344409942626953,4.774750232696533,7168.0,0.00037739574327133596,1.4202329874038697,5.042379305476234
3.590248691880858,10.2800236788663,9.79846882510495,5.461328528763412,3.276142120361328,4.674111843109131,6833.0,0.00044105539564043283,1.2565385072262256,4.846787199107084,3.605421735094739,10.38304818140996,9.899929021860098,5.460979503780217,3.272200584411621,4.650068283081055,4889.0,0.00044105539564043283,1.261557934810589,4.866979669905328,3.5964101110185895,10.22760085151309,9.754320735023136,5.464455890655517,3.2852771282196045,4.694888114929199,5256.0,0.00044105539564043283,1.276285719871521,4.872695830890111
3.590248691880858,10.2800236788663,9.79846882510495,5.461328528763412,3.276142120361328,4.674111843109131,6833.0,0.00044105539564043283,1.2565385072262256,4.846787199107084,3.605421735094739,10.38304818140996,9.899929021860098,5.460979503780217,3.272200584411621,4.650068283081055,4889.0,0.00044105539564043283,1.261557934810589,4.866979669905328,3.5964101110185895,10.22760085151309,9.754320735023136,5.464455890655517,3.2852771282196045,4.694888114929199,5256.0,0.00044105539564043283,1.276285719871521,4.872695830890111
3.590248691880858,10.2800236788663,9.79846882510495,5.461328528763412,3.276142120361328,4.674111843109131,6833.0,0.00044105539564043283,1.2565385072262256,4.846787199107084,3.605421735094739,10.38304818140996,9.899929021860098,5.460979503780217,3.272200584411621,4.650068283081055,4889.0,0.00044105539564043283,1.261557934810589,4.866979669905328,3.5964101110185895,10.22760085151309,9.754320735023136,5.464455890655517,3.2852771282196045,4.694888114929199,5256.0,0.00044105539564043283,1.276285719871521,4.872695830890111
3.590248691880858,10.2800236788663,9.79846882510495,5.461328528763412,3.276142120361328,4.674111843109131,6833.0,0.00044105539564043283,1.2565385072262256,4.846787199107084,3.605421735094739,10.38304818140996,9.899929021860098,5.460979503780217,3.272200584411621,4.650068283081055,4889.0,0.00044105539564043283,1.261557934810589,4.866979669905328,3.5964101110185895,10.22760085151309,9.754320735023136,5.464455890655517,3.2852771282196045,4.694888114929199,5256.0,0.00044105539564043283,1.276285719871521,4.872695830890111
3.620121311831784,10.26376643985897,9.822226068571016,5.4690113154324616,3.2542061805725098,4.733952522277832,4957.0,0.0003887545317411423,1.2472460505250211,4.867367362356806,3.6278098725653316,10.366721259773552,9.923815103010698,5.468629606668051,3.252281427383423,4.713583946228027,3575.0,0.0003887545317411423,1.2504815559882623,4.878291428553593,3.6300036566598073,10.211632882981073,9.77707333337693,5.471488639286586,3.263993978500366,4.759373188018799,3927.0,0.0003887545317411423,1.2706611962545487,4.900664852914356
3.620121311831784,10.26376643985897,9.822226068571016,5.4690113154324616,3.2542061805725098,4.733952522277832,4957.0,0.0003887545317411423,1.2472460505250211,4.867367362356806,3.6278098725653316,10.366721259773552,9.923815103010698,5.468629606668051,3.252281427383423,4.713583946228027,3575.0,0.0003887545317411423,1.2504815559882623,4.878291428553593,3.6300036566598073,10.211632882981073,9.77707333337693,5.471488639286586,3.263993978500366,4.759373188018799,3927.0,0.0003887545317411423,1.2706611962545487,4.900664852914356
3.620121311831784,10.26376643985897,9.822226068571016,5.4690113154324616,3.2542061805725098,4.733952522277832,4957.0,0.0003887545317411423,1.2472460505250211,4.867367362356806,3.6278098725653316,10.366721259773552,9.923815103010698,5.468629606668051,3.252281427383423,4.713583946228027,3575.0,0.0003887545317411423,1.2504815559882623,4.878291428553593,3.6300036566598073,10.211632882981073,9.77707333337693,5.471488639286586,3.263993978500366,4.759373188018799,3927.0,0.0003887545317411423,1.2706611962545487,4.900664852914356
3.620121311831784,10.26376643985897,9.822226068571016,5.4690113154324616,3.2542061805725098,4.733952522277832,4957.0,0.0003887545317411423,1.2472460505250211,4.867367362356806,3.6278098725653316,10.366721259773552,9.923815103010698,5.468629606668051,3.252281427383423,4.713583946228027,3575.0,0.0003887545317411423,1.2504815559882623,4.878291428553593,3.6300036566598073,10.211632882981073,9.77707333337693,5.471488639286586,3.263993978500366,4.759373188018799,3927.0,0.0003887545317411423,1.2706611962545487,4.900664852914356
3.6309853268908214,10.233070735188274,9.861255472356623,5.480419693983994,3.306191921234131,4.8758544921875,4195.0,0.00022108810662757605,1.6588537593940635,5.289839086284885,3.6395233352462966,10.335941807635418,9.962997736249651,5.480092115526076,3.3046762943267822,4.862006187438965,3075.0,0.00022108810662757605,1.6608742630326903,5.300397598278987,3.6404314222789944,10.181197220938547,9.815721757071358,5.482581942422049,3.3185393810272217,4.910783290863037,3405.0,0.00022108810662757605,1.6914388531730289,5.331870275452023
3.6309853268908214,10.233070735188274,9.861255472356623,5.480419693983994,3.306191921234131,4.8758544921875,4195.0,0.00022108810662757605,1.6588537593940635,5.289839086284885,3.6395233352462966,10.335941807635418,9.962997736249651,5.480092115526076,3.3046762943267822,4.862006187438965,3075.0,0.00022108810662757605,1.6608742630326903,5.300397598278987,3.6404314222789944,10.181197220938547,9.815721757071358,5.482581942422049,3.3185393810272217,4.910783290863037,3405.0,0.00022108810662757605,1.6914388531730289,5.331870275452023
3.6309853268908214,10.233070735188274,9.861255472356623,5.480419693983994,3.306191921234131,4.8758544921875,4195.0,0.00022108810662757605,1.6588537593940635,5.289839086284885,3.6395233352462966,10.335941807635418,9.962997736249651,5.480092115526076,3.3046762943267822,4.862006187438965,3075.0,0.00022108810662757605,1.6608742630326903,5.300397598278987,3.6404314222789944,10.181197220938547,9.815721757071358,5.482581942422049,3.3185393810272217,4.910783290863037,3405.0,0.00022108810662757605,1.6914388531730289,5.331870275452023
3.6309853268908214,10.233070735188274,9.861255472356623,5.480419693983994,3.306191921234131,4.8758544921875,4195.0,0.00022108810662757605,1.6588537593940635,5.289839086284885,3.6395233352462966,10.335941807635418,9.962997736249651,5.480092115526076,3.3046762943267822,4.862006187438965,3075.0,0.00022108810662757605,1.6608742630326903,5.300397598278987,3.6404314222789944,10.181197220938547,9.815721757071358,5.482581942422049,3.3185393810272217,4.910783290863037,3405.0,0.00022108810662757605,1.6914388531730289,5.331870275452023
3.6837612610358694,10.21222334031935,9.89202623738871,5.491731522300027,3.3926429748535156,5.075472831726074,3808.0,3.907253994839266e-05,1.6383690112596982,5.322130272295568,3.6877186713280614,10.314987549224456,9.994010298592704,5.491500923850319,3.3902599811553955,5.058210849761963,2865.0,3.907253994839266e-05,1.6385253782396192,5.326244049567681,3.681244552703131,10.160577855791365,9.845952270144508,5.493423566364107,3.4018747806549072,5.104182720184326,3098.0,3.907253994839266e-05,1.6785395679019746,5.359784120605106
3.6837612610358694,10.21222334031935,9.89202623738871,5.491731522300027,3.3926429748535156,5.075472831726074,3808.0,3.907253994839266e-05,1.6383690112596982,5.322130272295568,3.6877186713280614,10.314987549224456,9.994010298592704,5.491500923850319,3.3902599811553955,5.058210849761963,2865.0,3.907253994839266e-05,1.6385253782396192,5.326244049567681,3.681244552703131,10.160577855791365,9.845952270144508,5.493423566364107,3.4018747806549072,5.104182720184326,3098.0,3.907253994839266e-05,1.6785395679019746,5.359784120605106
3.6837612610358694,10.21222334031935,9.89202623738871,5.491731522300027,3.3926429748535156,5.075472831726074,3808.0,3.907253994839266e-05,1.6383690112596982,5.322130272295568,3.6877186713280614,10.314987549224456,9.994010298592704,5.491500923850319,3.3902599811553955,5.058210849761963,2865.0,3.907253994839266e-05,1.6385253782396192,5.326244049567681,3.681244552703131,10.160577855791365,9.845952270144508,5.493423566364107,3.4018747806549072,5.104182720184326,3098.0,3.907253994839266e-05,1.6785395679019746,5.359784120605106
3.6837612610358694,10.21222334031935,9.89202623738871,5.491731522300027,3.3926429748535156,5.075472831726074,3808.0,3.907253994839266e-05,1.6383690112596982,5.322130272295568,3.6877186713280614,10.314987549224456,9.994010298592704,5.491500923850319,3.3902599811553955,5.058210849761963,2865.0,3.907253994839266e-05,1.6385253782396192,5.326244049567681,3.681244552703131,10.160577855791365,9.845952270144508,5.493423566364107,3.4018747806549072,5.104182720184326,3098.0,3.907253994839266e-05,1.6785395679019746,5.359784120605106
3.702993867923687,10.196655952156364,9.910563223702567,5.496078257127242,3.4197897911071777,5.153002738952637,3664.0,-0.00012576294830068946,1.6135801575400612,5.316574025463748,3.7134059633527485,10.299338472044314,10.012688540173816,5.495911582104571,3.415358066558838,5.13350248336792,2761.0,-0.00012576294830068946,1.6099445621688644,5.323350525521613,3.6990783032916843,10.145194071815128,9.864248984200614,5.497620182945615,3.4289932250976562,5.186012268066406,2998.0,-0.00012576294830068946,1.6539919978096371,5.353070301101321
3.702993867923687,10.196655952156364,9.910563223702567,5.496078257127242,3.4197897911071777,5.153002738952637,3664.0,-0.00012576294830068946,1.6135801575400612,5.316574025463748,3.7134059633527485,10.299338472044314,10.012688540173816,5.495911582104571,3.415358066558838,5.13350248336792,2761.0,-0.00012576294830068946,1.6099445621688644,5.323350525521613,3.6990783032916843,10.145194071815128,9.864248984200614,5.497620182945615,3.4289932250976562,5.186012268066406,2998.0,-0.00012576294830068946,1.6539919978096371,5.353070301101321
3.702993867923687,10.196655952156364,9.910563223702567,5.496078257127242,3.4197897911071777,5.153002738952637,3664.0,-0.00012576294830068946,1.6135801575400612,5.316574025463748,3.7134059633527485,10.299338472044314,10.012688540173816,5.495911582104571,3.415358066558838,5.13350248336792,2761.0,-0.00012576294830068946,1.6099445621688644,5.323350525521613,3.6990783032916843,10.145194071815128,9.864248984200614,5.497620182945615,3.4289932250976562,5.186012268066406,2998.0,-0.00012576294830068946,1.6539919978096371,5.353070301101321
3.702993867923687,10.196655952156364,9.910563223702567,5.496078257127242,3.4197897911071777,5.153002738952637,3664.0,-0.00012576294830068946,1.6135801575400612,5.316574025463748,3.7134059633527485,10.299338472044314,10.012688540173816,5.495911582104571,3.415358066558838,5.13350248336792,2761.0,-0.00012576294830068946,1.6099445621688644,5.323350525521613,3.6990783032916843,10.145194071815128,9.864248984200614,5.497620182945615,3.4289932250976562,5.186012268066406,2998.0,-0.00012576294830068946,1.6539919978096371,5.353070301101321
3.735868691778802,10.17584035055978,9.936442286008365,5.502959179568601,3.420628547668457,5.207869529724121,3797.0,-0.00026981811970472336,1.693458282173454,5.429326973952256,3.7475046715179046,10.278427896871195,10.038747061692275,5.502840741888269,3.4171276092529297,5.189687728881836,2899.0,-0.00026981811970472336,1.690409772427051,5.437914443944956,3.7285865783691405,10.12495572226388,9.88924864814395,5.504089795975458,3.4332778453826904,5.245449066162109,3130.0,-0.00026981811970472336,1.732829957916623,5.461416536285764
3.735868691778802,10.17584035055978,9.936442286008365,5.502959179568601,3.420628547668457,5.207869529724121,3797.0,-0.00026981811970472336,1.693458282173454,5.429326973952256,3.7475046715179046,10.278427896871195,10.038747061692275,5.502840741888269,3.4171276092529297,5.189687728881836,2899.0,-0.00026981811970472336,1.690409772427051,5.437914443944956,3.7285865783691405,10.12495572226388,9.88924864814395,5.504089795975458,3.4332778453826904,5.245449066162109,3130.0,-0.00026981811970472336,1.732829957916623,5.461416536285764
3.735868691778802,10.17584035055978,9.936442286008365,5.502959179568601,3.420628547668457,5.207869529724121,3797.0,-0.00026981811970472336,1.693458282173454,5.429326973952256,3.7475046715179046,10.278427896871195,10.038747061692275,5.502840741888269,3.4171276092529297,5.189687728881836,2899.0,-0.00026981811970472336,1.690409772427051,5.437914443944956,3.7285865783691405,10.12495572226388,9.88924864814395,5.504089795975458,3.4332778453826904,5.245449066162109,3130.0,-0.00026981811970472336,1.732829957916623,5.461416536285764
3.735868691778802,10.17584035055978,9.936442286008365,5.502959179568601,3.420628547668457,5.207869529724121,3797.0,-0.00026981811970472336,1.693458282173454,5.429326973952256,3.7475046715179046,10.278427896871195,10.038747061692275,5.502840741888269,3.4171276092529297,5.189687728881836,2899.0,-0.00026981811970472336,1.690409772427051,5.437914443944956,3.7285865783691405,10.12495572226388,9.88924864814395,5.504089795975458,3.4332778453826904,5.245449066162109,3130.0,-0.00026981811970472336,1.732829957916623,5.461416536285764
3.7453471357172186,10.169399031106527,9.943170005005676,5.5030820920869905,3.498776435852051,5.361629962921143,3868.0,-0.000394971837522462,1.796177864074707,5.541524999791926,3.7599434629663246,10.271973471208053,10.045485082849279,5.502950470168869,3.4946556091308594,5.339029312133789,3054.0,-0.000394971837522462,1.7925806460442482,5.552524109010573,3.747434379940941,10.118569846380325,9.895881879897345,5.5041631289890836,3.5091161727905273,5.393102645874023,3292.0,-0.000394971837522462,1.834485770407177,5.581920150348118
3.7453471357172186,10.169399031106527,9.943170005005676,5.5030820920869905,3.498776435852051,5.361629962921143,3868.0,-0.000394971837522462,1.796177864074707,5.541524999791926,3.7599434629663246,10.271973471208053,10.045485082849279,5.502950470168869,3.4946556091308594,5.339029312133789,3054.0,-0.000394971837522462,1.7925806460442482,5.552524109010573,3.747434379940941,10.118569846380325,9.895881879897345,5.5041631289890836,3.5091161727905273,5.393102645874023,3292.0,-0.000394971837522462,1.834485770407177,5.581920150348118
3.7453471357172186,10.169399031106527,9.943170005005676,5.5030820920869905,3.498776435852051,5.361629962921143,3868.0,-0.000394971837522462,1.796177864074707,5.541524999791926,3.7599434629663246,10.271973471208053,10.045485082849279,5.502950470168869,3.4946556091308594,5.339029312133789,3054.0,-0.000394971837522462,1.7925806460442482,5.552524109010573,3.747434379940941,10.118569846380325,9.895881879897345,5.5041631289890836,3.5091161727905273,5.393102645874023,3292.0,-0.000394971837522462,1.834485770407177,5.581920150348118
3.7453471357172186,10.169399031106527,9.943170005005676,5.5030820920869905,3.498776435852051,5.361629962921143,3868.0,-0.000394971837522462,1.796177864074707,5.541524999791926,3.7599434629663246,10.271973471208053,10.045485082849279,5.502950470168869,3.4946556091308594,5.339029312133789,3054.0,-0.000394971837522462,1.7925806460442482,5.552524109010573,3.747434379940941,10.118569846380325,9.895881879897345,5.5041631289890836,3.5091161727905273,5.393102645874023,3292.0,-0.000394971837522462,1.834485770407177,5.581920150348118
3.734910624987119,10.16864549215738,9.941837414828214,5.501997546406535,3.485816478729248,5.346550941467285,3752.0,-0.0005022694822400808,1.691530054575437,5.426440679562556,3.7466585258384804,10.27123667977073,10.044130914861507,5.50187226580335,3.481442928314209,5.322585582733154,2954.0,-0.0005022694822400808,1.6852010974636327,5.431859623302113,3.7427604402814594,10.117774618239629,9.89458738054548,5.503092184520903,3.496824264526367,5.378519058227539,3170.0,-0.0005022694822400808,1.7236812057949247,5.466441646076384
3.734910624987119,10.16864549215738,9.941837414828214,5.501997546406535,3.485816478729248,5.346550941467285,3752.0,-0.0005022694822400808,1.691530054575437,5.426440679562556,3.7466585258384804,10.27123667977073,10.044130914861507,5.50187226580335,3.481442928314209,5.322585582733154,2954.0,-0.0005022694822400808,1.6852010974636327,5.431859623302113,3.7427604402814594,10.117774618239629,9.89458738054548,5.503092184520903,3.496824264526367,5.378519058227539,3170.0,-0.0005022694822400808,1.7236812057949247,5.466441646076384
3.734910624987119,10.16864549215738,9.941837414828214,5.501997546406535,3.485816478729248,5.346550941467285,3752.0,-0.0005022694822400808,1.691530054575437,5.426440679562556,3.7466585258384804,10.27123667977073,10.044130914861507,5.50187226580335,3.481442928314209,5.322585582733154,2954.0,-0.0005022694822400808,1.6852010974636327,5.431859623302113,3.7427604402814594,10.117774618239629,9.89458738054548,5.503092184520903,3.496824264526367,5.378519058227539,3170.0,-0.0005022694822400808,1.7236812057949247,5.466441646076384
3.734910624987119,10.16864549215738,9.941837414828214,5.501997546406535,3.485816478729248,5.346550941467285,3752.0,-0.0005022694822400808,1.691530054575437,5.426440679562556,3.7466585258384804,10.27123667977073,10.044130914861507,5.50187226580335,3.481442928314209,5.322585582733154,2954.0,-0.0005022694822400808,1.6852010974636327,5.431859623302113,3.7427604402814594,10.117774618239629,9.89458738054548,5.503092184520903,3.496824264526367,5.378519058227539,3170.0,-0.0005022694822400808,1.7236812057949247,5.466441646076384
3.7566413123886306,10.159963369988775,9.953047603755802,5.504857214395102,3.5586440563201904,5.485042572021484,4163.0,-0.0005956486565992236,1.8577091861080814,5.614350498496712,3.7691432866183194,10.26253268749683,10.055385079321923,5.504748661487134,3.5518999099731445,5.45923376083374,3236.0,-0.0005956486565992236,1.8516896142588033,5.620832900877122,3.761459491366432,10.10926489148821,9.905536033993675,5.505811200823103,3.570601224899292,5.520946502685547,3461.0,-0.0005956486565992236,1.8911105065118698,5.6525699978783015
3.7566413123886306,10.159963369988775,9.953047603755802,5.504857214395102,3.5586440563201904,5.485042572021484,4163.0,-0.0005956486565992236,1.8577091861080814,5.614350498496712,3.7691432866183194,10.26253268749683,10.055385079321923,5.504748661487134,3.5518999099731445,5.45923376083374,3236.0,-0.0005956486565992236,1.8516896142588033,5.620832900877122,3.761459491366432,10.10926489148821,9.905536033993675,5.505811200823103,3.570601224899292,5.520946502685547,3461.0,-0.0005956486565992236,1.8911105065118698,5.6525699978783015
3.7566413123886306,10.159963369988775,9.953047603755802,5.504857214395102,3.5586440563201904,5.485042572021484,4163.0,-0.0005956486565992236,1.8577091861080814,5.614350498496712,3.7691432866183194,10.26253268749683,10.055385079321923,5.504748661487134,3.5518999099731445,5.45923376083374,3236.0,-0.0005956486565992236,1.8516896142588033,5.620832900877122,3.761459491366432,10.10926489148821,9.905536033993675,5.505811200823103,3.570601224899292,5.520946502685547,3461.0,-0.0005956486565992236,1.8911105065118698,5.6525699978783015
3.7566413123886306,10.159963369988775,9.953047603755802,5.504857214395102,3.5586440563201904,5.485042572021484,4163.0,-0.0005956486565992236,1.8577091861080814,5.614350498496712,3.7691432866183194,10.26253268749683,10.055385079321923,5.504748661487134,3.5518999099731445,5.45923376083374,3236.0,-0.0005956486565992236,1.8516896142588033,5.620832900877122,3.761459491366432,10.10926489148821,9.905536033993675,5.505811200823103,3.570601224899292,5.520946502685547,3461.0,-0.0005956486565992236,1.8911105065118698,5.6525699978783015
3.775995036533901,10.153828526781751,9.959792369991154,5.506249432749563,3.5161256790161133,5.4173359870910645,4175.0,-0.0006793411448597908,1.937159236065753,5.713154272599654,3.7958649350451186,10.256374557296951,10.06215880753158,5.506153146322672,3.5090842247009277,5.391883373260498,3239.0,-0.0006793411448597908,1.93515568120139,5.731020616246509,3.781216714495704,10.103208859761557,9.912202380952381,5.5071621576944985,3.5286405086517334,5.454374313354492,3487.0,-0.0006793411448597908,1.9716514178684779,5.752868132364182
3.775995036533901,10.153828526781751,9.959792369991154,5.506249432749563,3.5161256790161133,5.4173359870910645,4175.0,-0.0006793411448597908,1.937159236065753,5.713154272599654,3.7958649350451186,10.256374557296951,10.06215880753158,5.506153146322672,3.5090842247009277,5.391883373260498,3239.0,-0.0006793411448597908,1.93515568120139,5.731020616246509,3.781216714495704,10.103208859761557,9.912202380952381,5.5071621576944985,3.5286405086517334,5.454374313354492,3487.0,-0.0006793411448597908,1.9716514178684779,5.752868132364182
3.775995036533901,10.153828526781751,9.959792369991154,5.506249432749563,3.5161256790161133,5.4173359870910645,4175.0,-0.0006793411448597908,1.937159236065753,5.713154272599654,3.7958649350451186,10.256374557296951,10.06215880753158,5.506153146322672,3.5090842247009277,5.391883373260498,3239.0,-0.0006793411448597908,1.93515568120139,5.731020616246509,3.781216714495704,10.103208859761557,9.912202380952381,5.5071621576944985,3.5286405086517334,5.454374313354492,3487.0,-0.0006793411448597908,1.9716514178684779,5.752868132364182
3.775995036533901,10.153828526781751,9.959792369991154,5.506249432749563,3.5161256790161133,5.4173359870910645,4175.0,-0.0006793411448597908,1.937159236065753,5.713154272599654,3.7958649350451186,10.256374557296951,10.06215880753158,5.506153146322672,3.5090842247009277,5.391883373260498,3239.0,-0.0006793411448597908,1.93515568120139,5.731020616246509,3.781216714495704,10.103208859761557,9.912202380952381,5.5071621576944985,3.5286405086517334,5.454374313354492,3487.0,-0.0006793411448597908,1.9716514178684779,5.752868132364182
3.797096332946381,10.14796037797804,9.966849066994406,5.508002370363706,3.4819369316101074,5.365002632141113,4103.0,-0.0007539208745583892,1.809037785096602,5.6061341180429825,3.822464357722889,10.250487439044111,10.069250007728478,5.507919331340046,3.4732799530029297,5.33922004699707,3164.0,-0.0007539208745583892,1.8078875659348128,5.630351923657702,3.8043650263831728,10.097504524957566,9.919026383899507,5.5088224047706245,3.4954755306243896,5.4034743309021,3399.0,-0.0007539208745583892,1.8474719637916202,5.651836990174793
3.797096332946381,10.14796037797804,9.966849066994406,5.508002370363706,3.4819369316101074,5.365002632141113,4103.0,-0.0007539208745583892,1.809037785096602,5.6061341180429825,3.822464357722889,10.250487439044111,10.069250007728478,5.507919331340046,3.4732799530029297,5.33922004699707,3164.0,-0.0007539208745583892,1.8078875659348128,5.630351923657702,3.8043650263831728,10.097504524957566,9.919026383899507,5.5088224047706245,3.4954755306243896,5.4034743309021,3399.0,-0.0007539208745583892,1.8474719637916202,5.651836990174793
3.797096332946381,10.14796037797804,9.966849066994406,5.508002370363706,3.4819369316101074,5.365002632141113,4103.0,-0.0007539208745583892,1.809037785096602,5.6061341180429825,3.822464357722889,10.250487439044111,10.069250007728478,5.507919331340046,3.4732799530029297,5.33922004699707,3164.0,-0.0007539208745583892,1.8078875659348128,5.630351923657702,3.8043650263831728,10.097504524957566,9.919026383899507,5.5088224047706245,3.4954755306243896,5.4034743309021,3399.0,-0.0007539208745583892,1.8474719637916202,5.651836990174793
3.797096332946381,10.14796037797804,9.966849066994406,5.508002370363706,3.4819369316101074,5.365002632141113,4103.0,-0.0007539208745583892,1.809037785096602,5.6061341180429825,3.822464357722889,10.250487439044111,10.069250007728478,5.507919331340046,3.4732799530029297,5.33922004699707,3164.0,-0.0007539208745583892,1.8078875659348128,5.630351923657702,3.8043650263831728,10.097504524957566,9.919026383899507,5.5088224047706245,3.4954755306243896,5.4034743309021,3399.0,-0.0007539208745583892,1.8474719637916202,5.651836990174793
3.7937045958135034,10.142298388790774,9.974666025731471,5.509962043514499,3.537163257598877,5.498756408691406,4281.0,-0.0008213605615310371,1.7533103503190077,5.547014946132511,3.8199121729120034,10.244812799428965,10.077093161545791,5.509884015615884,3.530028820037842,5.474717140197754,3330.0,-0.0008213605615310371,1.7535010520513956,5.573413224963399,3.814343988327753,10.091939481099446,9.926672744750977,5.510699285779681,3.549333095550537,5.5354108810424805,3573.0,-0.0008213605615310371,1.7868325153986613,5.601176503726414
3.7937045958135034,10.142298388790774,9.974666025731471,5.509962043514499,3.537163257598877,5.498756408691406,4281.0,-0.0008213605615310371,1.7533103503190077,5.547014946132511,3.8199121729120034,10.244812799428965,10.077093161545791,5.509884015615884,3.530028820037842,5.474717140197754,3330.0,-0.0008213605615310371,1.7535010520513956,5.573413224963399,3.814343988327753,10.091939481099446,9.926672744750977,5.510699285779681,3.549333095550537,5.5354108810424805,3573.0,-0.0008213605615310371,1.7868325153986613,5.601176503726414
3.7937045958135034,10.142298388790774,9.974666025731471,5.509962043514499,3.537163257598877,5.498756408691406,4281.0,-0.0008213605615310371,1.7533103503190077,5.547014946132511,3.8199121729120034,10.244812799428965,10.077093161545791,5.509884015615884,3.530028820037842,5.474717140197754,3330.0,-0.0008213605615310371,1.7535010520513956,5.573413224963399,3.814343988327753,10.091939481099446,9.926672744750977,5.510699285779681,3.549333095550537,5.5354108810424805,3573.0,-0.0008213605615310371,1.7868325153986613,5.601176503726414
3.7937045958135034,10.142298388790774,9.974666025731471,5.509962043514499,3.537163257598877,5.498756408691406,4281.0,-0.0008213605615310371,1.7533103503190077,5.547014946132511,3.8199121729120034,10.244812799428965,10.077093161545791,5.509884015615884,3.530028820037842,5.474717140197754,3330.0,-0.0008213605615310371,1.7535010520513956,5.573413224963399,3.814343988327753,10.091939481099446,9.926672744750977,5.510699285779681,3.549333095550537,5.5354108810424805,3573.0,-0.0008213605615310371,1.7868325153986613,5.601176503726414
3.819485685422823,10.139560072762626,9.977656441230279,5.510552958699016,3.5570406913757324,5.524849891662598,4478.0,-0.0008829748257994652,1.8644436216973639,5.683929307120187,3.8447705999597326,10.242074651841994,10.080078565919553,5.510473635289576,3.5489583015441895,5.497488975524902,3510.0,-0.0008829748257994652,1.8671833289134039,5.711953928873136,3.833871600741432,10.08919767652239,9.929670252118791,5.511282348632813,3.5694165229797363,5.561527252197266,3768.0,-0.0008829748257994652,1.9001053980418614,5.733976998783294
3.819485685422823,10.139560072762626,9.977656441230279,5.510552958699016,3.5570406913757324,5.524849891662598,4478.0,-0.0008829748257994652,1.8644436216973639,5.683929307120187,3.8447705999597326,10.242074651841994,10.080078565919553,5.510473635289576,3.5489583015441895,5.497488975524902,3510.0,-0.0008829748257994652,1.8671833289134039,5.711953928873136,3.833871600741432,10.08919767652239,9.929670252118791,5.511282348632813,3.5694165229797363,5.561527252197266,3768.0,-0.0008829748257994652,1.9001053980418614,5.733976998783294
3.819485685422823,10.139560072762626,9.977656441230279,5.510552958699016,3.5570406913757324,5.524849891662598,4478.0,-0.0008829748257994652,1.8644436216973639,5.683929307120187,3.8447705999597326,10.242074651841994,10.080078565919553,5.510473635289576,3.5489583015441895,5.497488975524902,3510.0,-0.0008829748257994652,1.8671833289134039,5.711953928873136,3.833871600741432,10.08919767652239,9.929670252118791,5.511282348632813,3.5694165229797363,5.561527252197266,3768.0,-0.0008829748257994652,1.9001053980418614,5.733976998783294
3.819485685422823,10.139560072762626,9.977656441230279,5.510552958699016,3.5570406913757324,5.524849891662598,4478.0,-0.0008829748257994652,1.8644436216973639,5.683929307120187,3.8447705999597326,10.242074651841994,10.080078565919553,5.510473635289576,3.5489583015441895,5.497488975524902,3510.0,-0.0008829748257994652,1.8671833289134039,5.711953928873136,3.833871600741432,10.08919767652239,9.929670252118791,5.511282348632813,3.5694165229797363,5.561527252197266,3768.0,-0.0008829748257994652,1.9001053980418614,5.733976998783294
3.8362837828599012,10.137023975322773,9.981386132673784,5.511647412684057,3.5991740226745605,5.640688896179199,4656.0,-0.0009383513825014234,1.893921403761034,5.730205186620935,3.860946732062798,10.239535408515435,10.083823791107575,5.511570981261018,3.593418836593628,5.616697311401367,3649.0,-0.0009383513825014234,1.8963057047360903,5.757252436798888,3.849842405319214,10.086699894496373,9.933298001970563,5.5123187519255135,3.6110007762908936,5.67383337020874,3901.0,-0.0009383513825014234,1.9300606159936815,5.7799030213128955
3.8362837828599012,10.137023975322773,9.981386132673784,5.511647412684057,3.5991740226745605,5.640688896179199,4656.0,-0.0009383513825014234,1.893921403761034,5.730205186620935,3.860946732062798,10.239535408515435,10.083823791107575,5.511570981261018,3.593418836593628,5.616697311401367,3649.0,-0.0009383513825014234,1.8963057047360903,5.757252436798888,3.849842405319214,10.086699894496373,9.933298001970563,5.5123187519255135,3.6110007762908936,5.67383337020874,3901.0,-0.0009383513825014234,1.9300606159936815,5.7799030213128955
3.8362837828599012,10.137023975322773,9.981386132673784,5.511647412684057,3.5991740226745605,5.640688896179199,4656.0,-0.0009383513825014234,1.893921403761034,5.730205186620935,3.860946732062798,10.239535408515435,10.083823791107575,5.511570981261018,3.593418836593628,5.616697311401367,3649.0,-0.0009383513825014234,1.8963057047360903,5.757252436798888,3.849842405319214,10.086699894496373,9.933298001970563,5.5123187519255135,3.6110007762908936,5.67383337020874,3901.0,-0.0009383513825014234,1.9300606159936815,5.7799030213128955
3.8362837828599012,10.137023975322773,9.981386132673784,5.511647412684057,3.5991740226745605,5.640688896179199,4656.0,-0.0009383513825014234,1.893921403761034,5.730205186620935,3.860946732062798,10.239535408515435,10.083823791107575,5.511570981261018,3.593418836593628,5.616697311401367,3649.0,-0.0009383513825014234,1.8963057047360903,5.757252436798888,3.849842405319214,10.086699894496373,9.933298001970563,5.5123187519255135,3.6110007762908936,5.67383337020874,3901.0,-0.0009383513825014234,1.9300606159936815,5.7799030213128955
3.858758210516595,10.133644651437734,9.986223344679003,5.513078144618443,3.5919528007507324,5.634713172912598,4866.0,-0.0009886781917884946,1.8863866908209665,5.745144901337562,3.877321011679513,10.236147137431356,10.088679246778613,5.513006604182256,3.5861642360687256,5.6128830909729,3815.0,-0.0009886781917884946,1.8838852674930127,5.761206279172526,3.874807966323126,10.083375830877396,9.938040751502628,5.513702683221727,3.6043872833251953,5.668322563171387,4068.0,-0.0009886781917884946,1.915523233867827,5.790331200190953
3.858758210516595,10.133644651437734,9.986223344679003,5.513078144618443,3.5919528007507324,5.634713172912598,4866.0,-0.0009886781917884946,1.8863866908209665,5.745144901337562,3.877321011679513,10.236147137431356,10.088679246778613,5.513006604182256,3.5861642360687256,5.6128830909729,3815.0,-0.0009886781917884946,1.8838852674930127,5.761206279172526,3.874807966323126,10.083375830877396,9.938040751502628,5.513702683221727,3.6043872833251953,5.668322563171387,4068.0,-0.0009886781917884946,1.915523233867827,5.790331200190953
3.858758210516595,10.133644651437734,9.986223344679003,5.513078144618443,3.5919528007507324,5.634713172912598,4866.0,-0.0009886781917884946,1.8863866908209665,5.745144901337562,3.877321011679513,10.236147137431356,10.088679246778613,5.513006604182256,3.5861642360687256,5.6128830909729,3815.0,-0.0009886781917884946,1.8838852674930127,5.761206279172526,3.874807966323126,10.083375830877396,9.938040751502628,5.513702683221727,3.6043872833251953,5.668322563171387,4068.0,-0.0009886781917884946,1.915523233867827,5.790331200190953
3.858758210516595,10.133644651437734,9.986223344679003,5.513078144618443,3.5919528007507324,5.634713172912598,4866.0,-0.0009886781917884946,1.8863866908209665,5.745144901337562,3.877321011679513,10.236147137431356,10.088679246778613,5.513006604182256,3.5861642360687256,5.6128830909729,3815.0,-0.0009886781917884946,1.8838852674930127,5.761206279172526,3.874807966323126,10.083375830877396,9.938040751502628,5.513702683221727,3.6043872833251953,5.668322563171387,4068.0,-0.0009886781917884946,1.915523233867827,5.790331200190953
3.8714251041412355,10.130422815099939,9.990721283949815,5.514424099860253,3.5987062454223633,5.630871295928955,5015.0,-0.0010348560754209757,1.8633734901230057,5.734798594264241,3.8883650866421786,10.232915484440792,10.093194263012379,5.514359927487064,3.592524766921997,5.609304428100586,3958.0,-0.0010348560754209757,1.858313276860621,5.7466783635028,3.8836738858904156,10.080215454101562,9.942451377142044,5.515011764708019,3.6097445487976074,5.661768436431885,4215.0,-0.0010348560754209757,1.8934435503823417,5.777117436272757
3.8714251041412355,10.130422815099939,9.990721283949815,5.514424099860253,3.5987062454223633,5.630871295928955,5015.0,-0.0010348560754209757,1.8633734901230057,5.734798594264241,3.8883650866421786,10.232915484440792,10.093194263012379,5.514359927487064,3.592524766921997,5.609304428100586,3958.0,-0.0010348560754209757,1.858313276860621,5.7466783635028,3.8836738858904156,10.080215454101562,9.942451377142044,5.515011764708019,3.6097445487976074,5.661768436431885,4215.0,-0.0010348560754209757,1.8934435503823417,5.777117436272757
3.8714251041412355,10.130422815099939,9.990721283949815,5.514424099860253,3.5987062454223633,5.630871295928955,5015.0,-0.0010348560754209757,1.8633734901230057,5.734798594264241,3.8883650866421786,10.232915484440792,10.093194263012379,5.514359927487064,3.592524766921997,5.609304428100586,3958.0,-0.0010348560754209757,1.858313276860621,5.7466783635028,3.8836738858904156,10.080215454101562,9.942451377142044,5.515011764708019,3.6097445487976074,5.661768436431885,4215.0,-0.0010348560754209757,1.8934435503823417,5.777117436272757
3.8714251041412355,10.130422815099939,9.990721283949815,5.514424099860253,3.5987062454223633,5.630871295928955,5015.0,-0.0010348560754209757,1.8633734901230057,5.734798594264241,3.8883650866421786,10.232915484440792,10.093194263012379,5.514359927487064,3.592524766921997,5.609304428100586,3958.0,-0.0010348560754209757,1.858313276860621,5.7466783635028,3.8836738858904156,10.080215454101562,9.942451377142044,5.515011764708019,3.6097445487976074,5.661768436431885,4215.0,-0.0010348560754209757,1.8934435503823417,5.777117436272757
3.867563603141091,10.128018416367569,9.99398854243291,5.515628931119845,3.6177334785461426,5.665900707244873,5212.0,-0.00107715860940516,1.8719503675188338,5.7395139706599245,3.8945540508666596,10.2305083980808,10.09646318856772,5.51556869605919,3.612379550933838,5.645360946655273,4153.0,-0.00107715860940516,1.8701968267366484,5.7647508776033085,3.8868047782352995,10.077828389122372,9.945698156810941,5.516197794959659,3.6299548149108887,5.701275825500488,4371.0,-0.00107715860940516,1.9052541062945412,5.79205888452984
3.867563603141091,10.128018416367569,9.99398854243291,5.515628931119845,3.6177334785461426,5.665900707244873,5212.0,-0.00107715860940516,1.8719503675188338,5.7395139706599245,3.8945540508666596,10.2305083980808,10.09646318856772,5.51556869605919,3.612379550933838,5.645360946655273,4153.0,-0.00107715860940516,1.8701968267366484,5.7647508776033085,3.8868047782352995,10.077828389122372,9.945698156810941,5.516197794959659,3.6299548149108887,5.701275825500488,4371.0,-0.00107715860940516,1.9052541062945412,5.79205888452984
3.867563603141091,10.128018416367569,9.99398854243291,5.515628931119845,3.6177334785461426,5.665900707244873,5212.0,-0.00107715860940516,1.8719503675188338,5.7395139706599245,3.8945540508666596,10.2305083980808,10.09646318856772,5.51556869605919,3.612379550933838,5.645360946655273,4153.0,-0.00107715860940516,1.8701968267366484,5.7647508776033085,3.8868047782352995,10.077828389122372,9.945698156810941,5.516197794959659,3.6299548149108887,5.701275825500488,4371.0,-0.00107715860940516,1.9052541062945412,5.79205888452984
3.867563603141091,10.128018416367569,9.99398854243291,5.515628931119845,3.6177334785461426,5.665900707244873,5212.0,-0.00107715860940516,1.8719503675188338,5.7395139706599245,3.8945540508666596,10.2305083980808,10.09646318856772,5.51556869605919,3.612379550933838,5.645360946655273,4153.0,-0.00107715860940516,1.8701968267366484,5.7647508776033085,3.8868047782352995,10.077828389122372,9.945698156810941,5.516197794959659,3.6299548149108887,5.701275825500488,4371.0,-0.00107715860940516,1.9052541062945412,5.79205888452984
3.894302795459698,10.125400652204242,9.99756178917823,5.516900939445991,3.640178918838501,5.720434188842773,5377.0,-0.001115803373977542,1.8990362638002867,5.793339059259985,3.9176776334836885,10.227884290125463,10.100042803875812,5.5168436471517985,3.6346776485443115,5.698784828186035,4258.0,-0.001115803373977542,1.9004614542056988,5.818139087689387,3.9060075237637473,10.075235121590751,9.94923650650751,5.5174443108694895,3.6519742012023926,5.7539544105529785,4501.0,-0.001115803373977542,1.9349738688695999,5.840981392633347
3.894302795459698,10.125400652204242,9.99756178917823,5.516900939445991,3.640178918838501,5.720434188842773,5377.0,-0.001115803373977542,1.8990362638002867,5.793339059259985,3.9176776334836885,10.227884290125463,10.100042803875812,5.5168436471517985,3.6346776485443115,5.698784828186035,4258.0,-0.001115803373977542,1.9004614542056988,5.818139087689387,3.9060075237637473,10.075235121590751,9.94923650650751,5.5174443108694895,3.6519742012023926,5.7539544105529785,4501.0,-0.001115803373977542,1.9349738688695999,5.840981392633347
3.894302795459698,10.125400652204242,9.99756178917823,5.516900939445991,3.640178918838501,5.720434188842773,5377.0,-0.001115803373977542,1.8990362638002867,5.793339059259985,3.9176776334836885,10.227884290125463,10.100042803875812,5.5168436471517985,3.6346776485443115,5.698784828186035,4258.0,-0.001115803373977542,1.9004614542056988,5.818139087689387,3.9060075237637473,10.075235121590751,9.94923650650751,5.5174443108694895,3.6519742012023926,5.7539544105529785,4501.0,-0.001115803373977542,1.9349738688695999,5.840981392633347
3.894302795459698,10.125400652204242,9.99756178917823,5.516900939445991,3.640178918838501,5.720434188842773,5377.0,-0.001115803373977542,1.8990362638002867,5.793339059259985,3.9176776334836885,10.227884290125463,10.100042803875812,5.5168436471517985,3.6346776485443115,5.698784828186035,4258.0,-0.001115803373977542,1.9004614542056988,5.818139087689387,3.9060075237637473,10.075235121590751,9.94923650650751,5.5174443108694895,3.6519742012023926,5.7539544105529785,4501.0,-0.001115803373977542,1.9349738688695999,5.840981392633347
3.9067240293923913,10.123022703690962,10.001046549809443,5.5181212078441275,3.6546878814697266,5.767252445220947,5497.0,-0.0011517482344061136,1.8806868503620098,5.787410879754401,3.9336548285050825,10.225501206633332,10.103536273906757,5.518064454313997,3.6498074531555176,5.746049404144287,4330.0,-0.0011517482344061136,1.8810977347485431,5.814752563253625,3.92272705804734,10.072895050048828,9.952657127380371,5.518631122225806,3.668149948120117,5.805765628814697,4638.0,-0.0011517482344061136,1.9156867572239467,5.838413815271286
3.9067240293923913,10.123022703690962,10.001046549809443,5.5181212078441275,3.6546878814697266,5.767252445220947,5497.0,-0.0011517482344061136,1.8806868503620098,5.787410879754401,3.9336548285050825,10.225501206633332,10.103536273906757,5.518064454313997,3.6498074531555176,5.746049404144287,4330.0,-0.0011517482344061136,1.8810977347485431,5.814752563253625,3.92272705804734,10.072895050048828,9.952657127380371,5.518631122225806,3.668149948120117,5.805765628814697,4638.0,-0.0011517482344061136,1.9156867572239467,5.838413815271286
3.9067240293923913,10.123022703690962,10.001046549809443,5.5181212078441275,3.6546878814697266,5.767252445220947,5497.0,-0.0011517482344061136,1.8806868503620098,5.787410879754401,3.9336548285050825,10.225501206633332,10.103536273906757,5.518064454313997,3.6498074531555176,5.746049404144287,4330.0,-0.0011517482344061136,1.8810977347485431,5.814752563253625,3.92272705804734,10.072895050048828,9.952657127380371,5.518631122225806,3.668149948120117,5.805765628814697,4638.0,-0.0011517482344061136,1.9156867572239467,5.838413815271286
3.9067240293923913,10.123022703690962,10.001046549809443,5.5181212078441275,3.6546878814697266,5.767252445220947,5497.0,-0.0011517482344061136,1.8806868503620098,5.787410879754401,3.9336548285050825,10.225501206633332,10.103536273906757,5.518064454313997,3.6498074531555176,5.746049404144287,4330.0,-0.0011517482344061136,1.8810977347485431,5.814752563253625,3.92272705804734,10.072895050048828,9.952657127380371,5.518631122225806,3.668149948120117,5.805765628814697,4638.0,-0.0011517482344061136,1.9156867572239467,5.838413815271286
3.899185817891901,10.119881436731909,10.005734683940936,5.519589944319292,3.6722288131713867,5.824889183044434,5689.0,-0.001185332308523357,1.8923491416039404,5.791534959495841,3.9219213151312493,10.222350370729124,10.108242661612374,5.5195368283754815,3.6688899993896484,5.806221008300781,4508.0,-0.001185332308523357,1.8856450124220414,5.807566327553291,3.914229256766183,10.069839441208613,9.957215845017206,5.520046524774461,3.6865882873535156,5.864656448364258,4807.0,-0.001185332308523357,1.9234478144418625,5.837677071208046
3.899185817891901,10.119881436731909,10.005734683940936,5.519589944319292,3.6722288131713867,5.824889183044434,5689.0,-0.001185332308523357,1.8923491416039404,5.791534959495841,3.9219213151312493,10.222350370729124,10.108242661612374,5.5195368283754815,3.6688899993896484,5.806221008300781,4508.0,-0.001185332308523357,1.8856450124220414,5.807566327553291,3.914229256766183,10.069839441208613,9.957215845017206,5.520046524774461,3.6865882873535156,5.864656448364258,4807.0,-0.001185332308523357,1.9234478144418625,5.837677071208046
3.899185817891901,10.119881436731909,10.005734683940936,5.519589944319292,3.6722288131713867,5.824889183044434,5689.0,-0.001185332308523357,1.8923491416039404,5.791534959495841,3.9219213151312493,10.222350370729124,10.108242661612374,5.5195368283754815,3.6688899993896484,5.806221008300781,4508.0,-0.001185332308523357,1.8856450124220414,5.807566327553291,3.914229256766183,10.069839441208613,9.957215845017206,5.520046524774461,3.6865882873535156,5.864656448364258,4807.0,-0.001185332308523357,1.9234478144418625,5.837677071208046
3.899185817891901,10.119881436731909,10.005734683940936,5.519589944319292,3.6722288131713867,5.824889183044434,5689.0,-0.001185332308523357,1.8923491416039404,5.791534959495841,3.9219213151312493,10.222350370729124,10.108242661612374,5.5195368283754815,3.6688899993896484,5.806221008300781,4508.0,-0.001185332308523357,1.8856450124220414,5.807566327553291,3.914229256766183,10.069839441208613,9.957215845017206,5.520046524774461,3.6865882873535156,5.864656448364258,4807.0,-0.001185332308523357,1.9234478144418625,5.837677071208046
3.8843822974663276,10.117306875253652,10.009331784929548,5.520710143795261,3.6914079189300537,5.879505157470703,5856.0,-0.0012164616491645575,1.86214469129389,5.746526988760218,3.9031068795687194,10.219770986383612,10.11184855374423,5.520659976810604,3.6880886554718018,5.8620429039001465,4681.0,-0.0012164616491645575,1.859014841178795,5.762121720747515,3.8943802152361187,10.067321041652134,9.960734303792318,5.52113710130964,3.7066266536712646,5.92042350769043,4928.0,-0.0012164616491645575,1.8893991606576102,5.783779375893729
3.8843822974663276,10.117306875253652,10.009331784929548,5.520710143795261,3.6914079189300537,5.879505157470703,5856.0,-0.0012164616491645575,1.86214469129389,5.746526988760218,3.9031068795687194,10.219770986383612,10.11184855374423,5.520659976810604,3.6880886554718018,5.8620429039001465,4681.0,-0.0012164616491645575,1.859014841178795,5.762121720747515,3.8943802152361187,10.067321041652134,9.960734303792318,5.52113710130964,3.7066266536712646,5.92042350769043,4928.0,-0.0012164616491645575,1.8893991606576102,5.783779375893729
3.8843822974663276,10.117306875253652,10.009331784929548,5.520710143795261,3.6914079189300537,5.879505157470703,5856.0,-0.0012164616491645575,1.86214469129389,5.746526988760218,3.9031068795687194,10.219770986383612,10.11184855374423,5.520659976810604,3.6880886554718018,5.8620429039001465,4681.0,-0.0012164616491645575,1.859014841178795,5.762121720747515,3.8943802152361187,10.067321041652134,9.960734303792318,5.52113710130964,3.7066266536712646,5.92042350769043,4928.0,-0.0012164616491645575,1.8893991606576102,5.783779375893729
3.8843822974663276,10.117306875253652,10.009331784929548,5.520710143795261,3.6914079189300537,5.879505157470703,5856.0,-0.0012164616491645575,1.86214469129389,5.746526988760218,3.9031068795687194,10.219770986383612,10.11184855374423,5.520659976810604,3.6880886554718018,5.8620429039001465,4681.0,-0.0012164616491645575,1.859014841178795,5.762121720747515,3.8943802152361187,10.067321041652134,9.960734303792318,5.52113710130964,3.7066266536712646,5.92042350769043,4928.0,-0.0012164616491645575,1.8893991606576102,5.783779375893729
3.875775793620518,10.115073617712245,10.012478496501972,5.52162538255964,3.6932015419006348,5.889596462249756,6043.0,-0.0012458211276680231,1.8512968986065357,5.727072692227054,3.899625703885958,10.217536225256982,10.115000581122064,5.521578092698927,3.690044403076172,5.869911193847656,4805.0,-0.0012458211276680231,1.8539253686929678,5.753551072578926,3.8881285894484745,10.065139498029437,9.963810539245605,5.522030921209426,3.708369493484497,5.929965019226074,5090.0,-0.0012458211276680231,1.8840386504218691,5.772167239870344
3.875775793620518,10.115073617712245,10.012478496501972,5.52162538255964,3.6932015419006348,5.889596462249756,6043.0,-0.0012458211276680231,1.8512968986065357,5.727072692227054,3.899625703885958,10.217536225256982,10.115000581122064,5.521578092698927,3.690044403076172,5.869911193847656,4805.0,-0.0012458211276680231,1.8539253686929678,5.753551072578926,3.8881285894484745,10.065139498029437,9.963810539245605,5.522030921209426,3.708369493484497,5.929965019226074,5090.0,-0.0012458211276680231,1.8840386504218691,5.772167239870344
3.875775793620518,10.115073617712245,10.012478496501972,5.52162538255964,3.6932015419006348,5.889596462249756,6043.0,-0.0012458211276680231,1.8512968986065357,5.727072692227054,3.899625703885958,10.217536225256982,10.115000581122064,5.521578092698927,3.690044403076172,5.869911193847656,4805.0,-0.0012458211276680231,1.8539253686929678,5.753551072578926,3.8881285894484745,10.065139498029437,9.963810539245605,5.522030921209426,3.708369493484497,5.929965019226074,5090.0,-0.0012458211276680231,1.8840386504218691,5.772167239870344
3.875775793620518,10.115073617712245,10.012478496501972,5.52162538255964,3.6932015419006348,5.889596462249756,6043.0,-0.0012458211276680231,1.8512968986065357,5.727072692227054,3.899625703885958,10.217536225256982,10.115000581122064,5.521578092698927,3.690044403076172,5.869911193847656,4805.0,-0.0012458211276680231,1.8539253686929678,5.753551072578926,3.8881285894484745,10.065139498029437,9.963810539245605,5.522030921209426,3.708369493484497,5.929965019226074,5090.0,-0.0012458211276680231,1.8840386504218691,5.772167239870344
3.9148289277956083,10.11346275527756,10.01467751837396,5.52245891249025,3.690486431121826,5.880335807800293,6148.0,-0.001272839610464871,1.8168049385021259,5.731633866297734,3.9311363697052,10.215923423271674,10.117201223001851,5.522414814342152,3.6866095066070557,5.860713958740234,4972.0,-0.001272839610464871,1.8171045594401174,5.748240929145318,3.924305804570516,10.063549423217774,9.965981183733259,5.522849936712356,3.705751895904541,5.920226573944092,5170.0,-0.001272839610464871,1.8485808383850824,5.772886642955598
3.9148289277956083,10.11346275527756,10.01467751837396,5.52245891249025,3.690486431121826,5.880335807800293,6148.0,-0.001272839610464871,1.8168049385021259,5.731633866297734,3.9311363697052,10.215923423271674,10.117201223001851,5.522414814342152,3.6866095066070557,5.860713958740234,4972.0,-0.001272839610464871,1.8171045594401174,5.748240929145318,3.924305804570516,10.063549423217774,9.965981183733259,5.522849936712356,3.705751895904541,5.920226573944092,5170.0,-0.001272839610464871,1.8485808383850824,5.772886642955598
3.9148289277956083,10.11346275527756,10.01467751837396,5.52245891249025,3.690486431121826,5.880335807800293,6148.0,-0.001272839610464871,1.8168049385021259,5.731633866297734,3.9311363697052,10.215923423271674,10.117201223001851,5.522414814342152,3.6866095066070557,5.860713958740234,4972.0,-0.001272839610464871,1.8171045594401174,5.748240929145318,3.924305804570516,10.063549423217774,9.965981183733259,5.522849936712356,3.705751895904541,5.920226573944092,5170.0,-0.001272839610464871,1.8485808383850824,5.772886642955598
3.9148289277956083,10.11346275527756,10.01467751837396,5.52245891249025,3.690486431121826,5.880335807800293,6148.0,-0.001272839610464871,1.8168049385021259,5.731633866297734,3.9311363697052,10.215923423271674,10.117201223001851,5.522414814342152,3.6866095066070557,5.860713958740234,4972.0,-0.001272839610464871,1.8171045594401174,5.748240929145318,3.924305804570516,10.063549423217774,9.965981183733259,5.522849936712356,3.705751895904541,5.920226573944092,5170.0,-0.001272839610464871,1.8485808383850824,5.772886642955598
3.9224331186963366,10.111873361661837,10.017200016665768,5.523572217024766,3.695781707763672,5.893121719360352,6349.0,-0.0012978992890566587,1.8014918742241797,5.723924992920516,3.938309852798264,10.214335191404665,10.119724080469702,5.523528408694577,3.6929941177368164,5.876090049743652,5126.0,-0.0012978992890566587,1.8094280441086013,5.747737896906865,3.9325947398231142,10.06197570619129,9.968472916739328,5.5261604036603655,3.7123947143554688,5.935062408447266,5390.0,-0.0012978992890566587,1.8364981344767979,5.769092874299912
3.9224331186963366,10.111873361661837,10.017200016665768,5.523572217024766,3.695781707763672,5.893121719360352,6349.0,-0.0012978992890566587,1.8014918742241797,5.723924992920516,3.938309852798264,10.214335191404665,10.119724080469702,5.523528408694577,3.6929941177368164,5.876090049743652,5126.0,-0.0012978992890566587,1.8094280441086013,5.747737896906865,3.9325947398231142,10.06197570619129,9.968472916739328,5.5261604036603655,3.7123947143554688,5.935062408447266,5390.0,-0.0012978992890566587,1.8364981344767979,5.769092874299912
3.9224331186963366,10.111873361661837,10.017200016665768,5.523572217024766,3.695781707763672,5.893121719360352,6349.0,-0.0012978992890566587,1.8014918742241797,5.723924992920516,3.938309852798264,10.214335191404665,10.119724080469702,5.523528408694577,3.6929941177368164,5.876090049743652,5126.0,-0.0012978992890566587,1.8094280441086013,5.747737896906865,3.9325947398231142,10.06197570619129,9.968472916739328,5.5261604036603655,3.7123947143554688,5.935062408447266,5390.0,-0.0012978992890566587,1.8364981344767979,5.769092874299912
3.9224331186963366,10.111873361661837,10.017200016665768,5.523572217024766,3.695781707763672,5.893121719360352,6349.0,-0.0012978992890566587,1.8014918742241797,5.723924992920516,3.938309852798264,10.214335191404665,10.119724080469702,5.523528408694577,3.6929941177368164,5.876090049743652,5126.0,-0.0012978992890566587,1.8094280441086013,5.747737896906865,3.9325947398231142,10.06197570619129,9.968472916739328,5.5261604036603655,3.7123947143554688,5.935062408447266,5390.0,-0.0012978992890566587,1.8364981344767979,5.769092874299912
3.946326173435558,10.1101501440073,10.019949573665471,5.52474738034335,3.7012577056884766,5.916999340057373,6512.0,-0.0013216468505561352,1.7744608628285397,5.720787036264097,3.9686059128154407,10.212608837771725,10.122479795480704,5.524706372347745,3.6978607177734375,5.897955417633057,5266.0,-0.0013216468505561352,1.786455834685982,5.755061747501423,3.953600265866234,10.060206068129766,9.971179753258115,5.525086157662528,3.717862367630005,5.959139823913574,5543.0,-0.0013216468505561352,1.8112671647753034,5.764867430641537
3.946326173435558,10.1101501440073,10.019949573665471,5.52474738034335,3.7012577056884766,5.916999340057373,6512.0,-0.0013216468505561352,1.7744608628285397,5.720787036264097,3.9686059128154407,10.212608837771725,10.122479795480704,5.524706372347745,3.6978607177734375,5.897955417633057,5266.0,-0.0013216468505561352,1.786455834685982,5.755061747501423,3.953600265866234,10.060206068129766,9.971179753258115,5.525086157662528,3.717862367630005,5.959139823913574,5543.0,-0.0013216468505561352,1.8112671647753034,5.764867430641537
3.946326173435558,10.1101501440073,10.019949573665471,5.52474738034335,3.7012577056884766,5.916999340057373,6512.0,-0.0013216468505561352,1.7744608628285397,5.720787036264097,3.9686059128154407,10.212608837771725,10.122479795480704,5.524706372347745,3.6978607177734375,5.897955417633057,5266.0,-0.0013216468505561352,1.786455834685982,5.755061747501423,3.953600265866234,10.060206068129766,9.971179753258115,5.525086157662528,3.717862367630005,5.959139823913574,5543.0,-0.0013216468505561352,1.8112671647753034,5.764867430641537
3.946326173435558,10.1101501440073,10.019949573665471,5.52474738034335,3.7012577056884766,5.916999340057373,6512.0,-0.0013216468505561352,1.7744608628285397,5.720787036264097,3.9686059128154407,10.212608837771725,10.122479795480704,5.524706372347745,3.6978607177734375,5.897955417633057,5266.0,-0.0013216468505561352,1.786455834685982,5.755061747501423,3.953600265866234,10.060206068129766,9.971179753258115,5.525086157662528,3.717862367630005,5.959139823913574,5543.0,-0.0013216468505561352,1.8112671647753034,5.764867430641537
3.95391419522174,10.108681393908215,10.022176207505263,5.525728887087339,3.722327470779419,5.9631218910217285,6600.0,-0.0013445178046822548,1.8029533441964682,5.756867539418208,3.9693718736821957,10.211136738665692,10.124711306683428,5.525690569196429,3.7206687927246094,5.948990821838379,5339.0,-0.0013445178046822548,1.8168053360728473,5.786177209755043,3.964648537408738,10.058832095918202,9.973371078854516,5.526043165297735,3.7383742332458496,6.005098342895508,5581.0,-0.0013445178046822548,1.8383061715534754,5.802954708962213
